"Type","Name","Source","Target","Status","ErrorMessage"
"Folder","Apps","Documents/Apps","https://enchantedrock.sharepoint.com/sites/Safety/Shared Documents/Archive/Kevin Clothier - OneDrive","Copied",""
"Folder","Attachments","Documents/Attachments","https://enchantedrock.sharepoint.com/sites/Safety/Shared Documents/Archive/Kevin Clothier - OneDrive","Copied",""
"Folder","Desktop","Documents/Desktop","https://enchantedrock.sharepoint.com/sites/Safety/Shared Documents/Archive/Kevin Clothier - OneDrive","Copied",""
"Folder","Documents","Documents/Documents","https://enchantedrock.sharepoint.com/sites/Safety/Shared Documents/Archive/Kevin Clothier - OneDrive","Copied",""
"Folder","Kevin @ Enchanted Rock","Documents/Kevin @ Enchanted Rock","https://enchantedrock.sharepoint.com/sites/Safety/Shared Documents/Archive/Kevin Clothier - OneDrive","Copied",""
"Folder","Meetings","Documents/Meetings","https://enchantedrock.sharepoint.com/sites/Safety/Shared Documents/Archive/Kevin Clothier - OneDrive","Copied",""
"Folder","Microsoft Copilot Chat Files","Documents/Microsoft Copilot Chat Files","https://enchantedrock.sharepoint.com/sites/Safety/Shared Documents/Archive/Kevin Clothier - OneDrive","Copied",""
"Folder","Microsoft Teams Chat Files","Documents/Microsoft Teams Chat Files","https://enchantedrock.sharepoint.com/sites/Safety/Shared Documents/Archive/Kevin Clothier - OneDrive","Copied",""
"Folder","Microsoft Teams Data","Documents/Microsoft Teams Data","https://enchantedrock.sharepoint.com/sites/Safety/Shared Documents/Archive/Kevin Clothier - OneDrive","Copied",""
"Folder","Pictures","Documents/Pictures","https://enchantedrock.sharepoint.com/sites/Safety/Shared Documents/Archive/Kevin Clothier - OneDrive","Copied",""
"Folder","planning","Documents/planning","https://enchantedrock.sharepoint.com/sites/Safety/Shared Documents/Archive/Kevin Clothier - OneDrive","Copied",""
"Folder","Projects","Documents/Projects","https://enchantedrock.sharepoint.com/sites/Safety/Shared Documents/Archive/Kevin Clothier - OneDrive","Copied",""
"Folder","Recordings","Documents/Recordings","https://enchantedrock.sharepoint.com/sites/Safety/Shared Documents/Archive/Kevin Clothier - OneDrive","Copied",""
"Folder","Videos","Documents/Videos","https://enchantedrock.sharepoint.com/sites/Safety/Shared Documents/Archive/Kevin Clothier - OneDrive","Copied",""
"File","08.19.2024 ER HR Weekly Update.pptx","Documents/08.19.2024 ER HR Weekly Update.pptx","https://enchantedrock.sharepoint.com/sites/Safety/Shared Documents/Archive/Kevin Clothier - OneDrive","Copied",""
"File","15. Gold Rush","Documents/15. Gold Rush","https://enchantedrock.sharepoint.com/sites/Safety/Shared Documents/Archive/Kevin Clothier - OneDrive","Copied",""
"File","2023 Safety Training Draft.docx","Documents/2023 Safety Training Draft.docx","https://enchantedrock.sharepoint.com/sites/Safety/Shared Documents/Archive/Kevin Clothier - OneDrive","Copied",""
"File","2025 Strategy Start up.pptx","Documents/2025 Strategy Start up.pptx","https://enchantedrock.sharepoint.com/sites/Safety/Shared Documents/Archive/Kevin Clothier - OneDrive","Copied",""
"File","2026 Draft drop down 12.10.2025.docx","Documents/2026 Draft drop down 12.10.2025.docx","https://enchantedrock.sharepoint.com/sites/Safety/Shared Documents/Archive/Kevin Clothier - OneDrive","Copied",""
"File","Azuga_Safetycam_Road_06-01-2025_ (Accident).mp4","Documents/Azuga_Safetycam_Road_06-01-2025_ (Accident).mp4","https://enchantedrock.sharepoint.com/sites/Safety/Shared Documents/Archive/Kevin Clothier - OneDrive","Copied",""
"File","Be true to yourself.docx","Documents/Be true to yourself.docx","https://enchantedrock.sharepoint.com/sites/Safety/Shared Documents/Archive/Kevin Clothier - OneDrive","Copied",""
"File","Book 1.xlsx","Documents/Book 1.xlsx","https://enchantedrock.sharepoint.com/sites/Safety/Shared Documents/Archive/Kevin Clothier - OneDrive","Copied",""
"File","Book.xlsx","Documents/Book.xlsx","https://enchantedrock.sharepoint.com/sites/Safety/Shared Documents/Archive/Kevin Clothier - OneDrive","Copied",""
"File","CopilotAnswers-20240627-090528.docx","Documents/CopilotAnswers-20240627-090528.docx","https://enchantedrock.sharepoint.com/sites/Safety/Shared Documents/Archive/Kevin Clothier - OneDrive","Copied",""
"File","CopilotAnswers-20240627-090651.docx","Documents/CopilotAnswers-20240627-090651.docx","https://enchantedrock.sharepoint.com/sites/Safety/Shared Documents/Archive/Kevin Clothier - OneDrive","Copied",""
"File","Copy of GA 2023 Budget - 251  Safety - ESG Working.xlsx","Documents/Copy of GA 2023 Budget - 251  Safety - ESG Working.xlsx","https://enchantedrock.sharepoint.com/sites/Safety/Shared Documents/Archive/Kevin Clothier - OneDrive","Copied",""
"File","Copy of Initial Q1 2023 ELT KPIs - HSE.xlsx","Documents/Copy of Initial Q1 2023 ELT KPIs - HSE.xlsx","https://enchantedrock.sharepoint.com/sites/Safety/Shared Documents/Archive/Kevin Clothier - OneDrive","Copied",""
"File","Copy of OKRs for HSE (KC).xlsx","Documents/Copy of OKRs for HSE (KC).xlsx","https://enchantedrock.sharepoint.com/sites/Safety/Shared Documents/Archive/Kevin Clothier - OneDrive","Copied",""
"File","Copy of PhoneCallDetail_20230201132911095  Safety detail.xls","Documents/Copy of PhoneCallDetail_20230201132911095  Safety detail.xls","https://enchantedrock.sharepoint.com/sites/Safety/Shared Documents/Archive/Kevin Clothier - OneDrive","Copied",""
"File","Date of Incident.docx","Documents/Date of Incident.docx","https://enchantedrock.sharepoint.com/sites/Safety/Shared Documents/Archive/Kevin Clothier - OneDrive","Copied",""
"File","Document.docx","Documents/Document.docx","https://enchantedrock.sharepoint.com/sites/Safety/Shared Documents/Archive/Kevin Clothier - OneDrive","Copied",""
"File","Driver Recognition and Rewards Policy 12.04 post call.docx","Documents/Driver Recognition and Rewards Policy 12.04 post call.docx","https://enchantedrock.sharepoint.com/sites/Safety/Shared Documents/Archive/Kevin Clothier - OneDrive","Copied",""
"File","Electrical Safety Training Table Draft 3 (2.29).docx","Documents/Electrical Safety Training Table Draft 3 (2.29).docx","https://enchantedrock.sharepoint.com/sites/Safety/Shared Documents/Archive/Kevin Clothier - OneDrive","Copied",""
"File","Electrical Safety Training Table Draft 3_4.docx","Documents/Electrical Safety Training Table Draft 3_4.docx","https://enchantedrock.sharepoint.com/sites/Safety/Shared Documents/Archive/Kevin Clothier - OneDrive","Copied",""
"File","Enchanted Rock 2023.xlsx","Documents/Enchanted Rock 2023.xlsx","https://enchantedrock.sharepoint.com/sites/Safety/Shared Documents/Archive/Kevin Clothier - OneDrive","Copied",""
"File","Enchanted Rock Letters_Sept Follow Up Letter.docx","Documents/Enchanted Rock Letters_Sept Follow Up Letter.docx","https://enchantedrock.sharepoint.com/sites/Safety/Shared Documents/Archive/Kevin Clothier - OneDrive","Copied",""
"File","Ensafe Projects - Spreadsheet1.xlsx","Documents/Ensafe Projects - Spreadsheet1.xlsx","https://enchantedrock.sharepoint.com/sites/Safety/Shared Documents/Archive/Kevin Clothier - OneDrive","Copied",""
"File","ER-HSE-104 Fatigue Management - DRAFT KC.doc","Documents/ER-HSE-104 Fatigue Management - DRAFT KC.doc","https://enchantedrock.sharepoint.com/sites/Safety/Shared Documents/Archive/Kevin Clothier - OneDrive","Copied",""
"File","ER-HSE-301 Subcontractor Review and Project Organization Initial Relase April 2023.pdf","Documents/ER-HSE-301 Subcontractor Review and Project Organization Initial Relase April 2023.pdf","https://enchantedrock.sharepoint.com/sites/Safety/Shared Documents/Archive/Kevin Clothier - OneDrive","Copied",""
"File","ERock Company Vehicle Policy Rev. 05 - Final Draft for Legal-Exec. Review KC.docx","Documents/ERock Company Vehicle Policy Rev. 05 - Final Draft for Legal-Exec. Review KC.docx","https://enchantedrock.sharepoint.com/sites/Safety/Shared Documents/Archive/Kevin Clothier - OneDrive","Copied",""
"File","HSE Overview Slide Deck Sept 2025.pdf","Documents/HSE Overview Slide Deck Sept 2025.pdf","https://enchantedrock.sharepoint.com/sites/Safety/Shared Documents/Archive/Kevin Clothier - OneDrive","Copied",""
"File","HSE Team.docx","Documents/HSE Team.docx","https://enchantedrock.sharepoint.com/sites/Safety/Shared Documents/Archive/Kevin Clothier - OneDrive","Copied",""
"File","Implement initial Site Specific Safety Plan template for EPC work.docx","Documents/Implement initial Site Specific Safety Plan template for EPC work.docx","https://enchantedrock.sharepoint.com/sites/Safety/Shared Documents/Archive/Kevin Clothier - OneDrive","Copied",""
"File","In January.docx","Documents/In January.docx","https://enchantedrock.sharepoint.com/sites/Safety/Shared Documents/Archive/Kevin Clothier - OneDrive","Copied",""
"File","Incident Investigation Report - Raven.docx","Documents/Incident Investigation Report - Raven.docx","https://enchantedrock.sharepoint.com/sites/Safety/Shared Documents/Archive/Kevin Clothier - OneDrive","Copied",""
"File","Incident Investigation Report Initial 04272023_Obs (rev00).docx","Documents/Incident Investigation Report Initial 04272023_Obs (rev00).docx","https://enchantedrock.sharepoint.com/sites/Safety/Shared Documents/Archive/Kevin Clothier - OneDrive","Copied",""
"File","Incident Investigation Report SAWS Site 14 (KC) (002).docx","Documents/Incident Investigation Report SAWS Site 14 (KC) (002).docx","https://enchantedrock.sharepoint.com/sites/Safety/Shared Documents/Archive/Kevin Clothier - OneDrive","Copied",""
"File","ISN Operator Account Finalization Slides Aug 12 2022.pptx","Documents/ISN Operator Account Finalization Slides Aug 12 2022.pptx","https://enchantedrock.sharepoint.com/sites/Safety/Shared Documents/Archive/Kevin Clothier - OneDrive","Copied",""
"File","June 2022 Monthly Safety Review - Draft (1) TD Slide.pptx","Documents/June 2022 Monthly Safety Review - Draft (1) TD Slide.pptx","https://enchantedrock.sharepoint.com/sites/Safety/Shared Documents/Archive/Kevin Clothier - OneDrive","Copied",""
"File","Kevin Clothier.docx","Documents/Kevin Clothier.docx","https://enchantedrock.sharepoint.com/sites/Safety/Shared Documents/Archive/Kevin Clothier - OneDrive","Copied",""
"File","MMR Establishment Search performed 6.docx","Documents/MMR Establishment Search performed 6.docx","https://enchantedrock.sharepoint.com/sites/Safety/Shared Documents/Archive/Kevin Clothier - OneDrive","Copied",""
"File","Monday Safety Meeting 04.03.2023 Lessons Learned_KC.docx","Documents/Monday Safety Meeting 04.03.2023 Lessons Learned_KC.docx","https://enchantedrock.sharepoint.com/sites/Safety/Shared Documents/Archive/Kevin Clothier - OneDrive","Copied",""
"File","Monday Safety Meeting 06.06.2022 Back Safety - DRAFT (TG) new.docx","Documents/Monday Safety Meeting 06.06.2022 Back Safety - DRAFT (TG) new.docx","https://enchantedrock.sharepoint.com/sites/Safety/Shared Documents/Archive/Kevin Clothier - OneDrive","Copied",""
"File","Monday Safety Meeting 10.24.2022 Office Workplace Fire Safety (PVO) (KC).docx","Documents/Monday Safety Meeting 10.24.2022 Office Workplace Fire Safety (PVO) (KC).docx","https://enchantedrock.sharepoint.com/sites/Safety/Shared Documents/Archive/Kevin Clothier - OneDrive","Copied",""
"File","Monday Safety Meeting 12.12.2022 Electrical Safety while Decorating - DRAFT KC.docx","Documents/Monday Safety Meeting 12.12.2022 Electrical Safety while Decorating - DRAFT KC.docx","https://enchantedrock.sharepoint.com/sites/Safety/Shared Documents/Archive/Kevin Clothier - OneDrive","Copied",""
"File","MVAR 2024 Full.xlsx","Documents/MVAR 2024 Full.xlsx","https://enchantedrock.sharepoint.com/sites/Safety/Shared Documents/Archive/Kevin Clothier - OneDrive","Copied",""
"File","Presentation (1).pptx","Documents/Presentation (1).pptx","https://enchantedrock.sharepoint.com/sites/Safety/Shared Documents/Archive/Kevin Clothier - OneDrive","Copied",""
"File","Presentation 1.pptx","Documents/Presentation 1.pptx","https://enchantedrock.sharepoint.com/sites/Safety/Shared Documents/Archive/Kevin Clothier - OneDrive","Copied",""
"File","Presentation.pptx","Documents/Presentation.pptx","https://enchantedrock.sharepoint.com/sites/Safety/Shared Documents/Archive/Kevin Clothier - OneDrive","Copied",""
"File","Presentation1.pptx","Documents/Presentation1.pptx","https://enchantedrock.sharepoint.com/sites/Safety/Shared Documents/Archive/Kevin Clothier - OneDrive","Copied",""
"File","Q1 Feb 2023 Board HSE Slide Deck (01).pptx","Documents/Q1 Feb 2023 Board HSE Slide Deck (01).pptx","https://enchantedrock.sharepoint.com/sites/Safety/Shared Documents/Archive/Kevin Clothier - OneDrive","Copied",""
"File","Quality Director Interviews Aug 08 2022.docx","Documents/Quality Director Interviews Aug 08 2022.docx","https://enchantedrock.sharepoint.com/sites/Safety/Shared Documents/Archive/Kevin Clothier - OneDrive","Copied",""
"File","Subcontractor Rating Brainstorming.pptx","Documents/Subcontractor Rating Brainstorming.pptx","https://enchantedrock.sharepoint.com/sites/Safety/Shared Documents/Archive/Kevin Clothier - OneDrive","Copied",""
"File","Temporary Bulk CNG Gas Connection and Use.docx","Documents/Temporary Bulk CNG Gas Connection and Use.docx","https://enchantedrock.sharepoint.com/sites/Safety/Shared Documents/Archive/Kevin Clothier - OneDrive","Copied",""
"File","tf16410238_win322.xlsx","Documents/tf16410238_win322.xlsx","https://enchantedrock.sharepoint.com/sites/Safety/Shared Documents/Archive/Kevin Clothier - OneDrive","Copied",""
"File","Variance Request form Rev03  Axis Power.docx","Documents/Variance Request form Rev03  Axis Power.docx","https://enchantedrock.sharepoint.com/sites/Safety/Shared Documents/Archive/Kevin Clothier - OneDrive","Copied",""
"File","Visitor Safety Induction script REV01.docx","Documents/Visitor Safety Induction script REV01.docx","https://enchantedrock.sharepoint.com/sites/Safety/Shared Documents/Archive/Kevin Clothier - OneDrive","Copied",""
"File","Weekly HSE Incident Summary Report 09.29.2025 - 10.05.2025 (002).docx","Documents/Weekly HSE Incident Summary Report 09.29.2025 - 10.05.2025 (002).docx","https://enchantedrock.sharepoint.com/sites/Safety/Shared Documents/Archive/Kevin Clothier - OneDrive","Copied",""
