"RoleDisplayName","RoleDefinitionId","RoleTemplateId","IsBuiltIn","IsEnabled","DetectionReason","CapabilityScope","MatchedPermissions","Description"
"Directory Writers","9360feb5-f418-4baa-8175-e2a00bac4301","9360feb5-f418-4baa-8175-e2a00bac4301","True","True","Known broad built-in role; Explicit group-membership permission","Broad directory write authority including group membership operations","microsoft.directory/groups/members/update","Can read and write basic directory information. For granting access to applications, not intended for users."
"Exchange Administrator","29232cdf-9323-42fd-ade2-1d097af3e4de","29232cdf-9323-42fd-ade2-1d097af3e4de","True","True","Explicit group-membership permission","Explicit role permission matched","microsoft.directory/groups.unified/members/update","Can manage all aspects of the Exchange product."
"Global Administrator","62e90394-69f5-4237-9190-012177145e10","62e90394-69f5-4237-9190-012177145e10","True","True","Known broad built-in role","Broad tenant administration, including group management","","Can manage all aspects of Microsoft Entra ID and Microsoft services that use Microsoft Entra identities."
"Groups Administrator","fdd7a751-b60b-444a-984c-02652fe8fa1c","fdd7a751-b60b-444a-984c-02652fe8fa1c","True","True","Known broad built-in role; Explicit group-membership permission","Group administration; role-assignable groups remain specially protected","microsoft.directory/groups/members/update","Members of this role can create/manage groups, create/manage groups settings like naming and expiration policies, and view groups activity and audit reports."
"Identity Governance Administrator","45d8d3c5-c802-45c6-b32a-1d70b5e1e86e","45d8d3c5-c802-45c6-b32a-1d70b5e1e86e","True","True","Explicit group-membership permission","Explicit role permission matched","microsoft.directory/groups/members/update","Manage access using Microsoft Entra ID for identity governance scenarios."
"Intune Administrator","3a2c62db-5318-420d-8d74-23affee5d9d5","3a2c62db-5318-420d-8d74-23affee5d9d5","True","True","Explicit group-membership permission","Explicit role permission matched","microsoft.directory/groups.security/members/update","Can manage all aspects of the Intune product."
"Knowledge Administrator","b5a8dcf3-09d5-43a9-a639-8e29ef291470","b5a8dcf3-09d5-43a9-a639-8e29ef291470","True","True","Explicit group-membership permission","Explicit role permission matched","microsoft.directory/groups.security/members/update","Can configure knowledge, learning, and other intelligent features."
"Knowledge Manager","744ec460-397e-42ad-a462-8b3f9747a02c","744ec460-397e-42ad-a462-8b3f9747a02c","True","True","Explicit group-membership permission","Explicit role permission matched","microsoft.directory/groups.security/members/update","Has access to topic management dashboard and can manage content."
"Partner Tier1 Support","4ba39ca4-527c-499a-b93d-d9b492c50246","4ba39ca4-527c-499a-b93d-d9b492c50246","True","True","Explicit group-membership permission","Explicit role permission matched","microsoft.directory/groups/members/update","Do not use - not intended for general use."
"Partner Tier2 Support","e00e864a-17c5-4a4b-9c06-f5b95a8d5bd8","e00e864a-17c5-4a4b-9c06-f5b95a8d5bd8","True","True","Known broad built-in role; Explicit group-membership permission","Legacy broad role containing group membership update authority","microsoft.directory/groups/members/update","Do not use - not intended for general use."
"Privileged Role Administrator","e8611ab8-c189-46e8-94e1-60213ab1f814","e8611ab8-c189-46e8-94e1-60213ab1f814","True","True","Known broad built-in role","Includes management of role assignments and role-assignable group membership","","Can manage role assignments in Microsoft Entra ID, and all aspects of Privileged Identity Management."
"SharePoint Administrator","f28a1f50-f6e7-4571-818b-6a12f2af6b6c","f28a1f50-f6e7-4571-818b-6a12f2af6b6c","True","True","Explicit group-membership permission","Explicit role permission matched","microsoft.directory/groups.unified/members/update","Can manage all aspects of the SharePoint service."
"SharePoint Advanced Management Administrator","99009c4a-3b3f-4957-82a9-9d35e12db77e","99009c4a-3b3f-4957-82a9-9d35e12db77e","True","True","Explicit group-membership permission","Explicit role permission matched","microsoft.directory/groups.unified/members/update","Manage all aspects of SharePoint Advanced Management."
"Teams Administrator","69091246-20e8-4a56-aa4d-066075b2a7a8","69091246-20e8-4a56-aa4d-066075b2a7a8","True","True","Explicit group-membership permission","Explicit role permission matched","microsoft.directory/groups.unified/members/update","Can manage the Microsoft Teams service."
"User","a0b1b346-4d3e-4e8b-98f8-753987be4970","a0b1b346-4d3e-4e8b-98f8-753987be4970","True","True","Explicit group-membership permission","Explicit role permission matched","microsoft.directory/groups/members/update","Default role for member users. Can read all and write a limited set of directory information."
"User Administrator","fe930be7-5e62-47db-91af-98c3a49a38b1","fe930be7-5e62-47db-91af-98c3a49a38b1","True","True","Known broad built-in role; Explicit group-membership permission","User and group administration; role-assignable groups remain specially protected","microsoft.directory/groups/members/update","Can manage all aspects of users and groups, including resetting passwords for limited admins."
"Windows 365 Administrator","11451d60-acb2-45eb-a7d6-43d0f0125c13","11451d60-acb2-45eb-a7d6-43d0f0125c13","True","True","Explicit group-membership permission","Explicit role permission matched","microsoft.directory/groups.security/members/update","Can provision and manage all aspects of Cloud PCs."
"Yammer Administrator","810a2642-a034-447f-a5e8-41beaa378541","810a2642-a034-447f-a5e8-41beaa378541","True","True","Explicit group-membership permission","Explicit role permission matched","microsoft.directory/groups.unified/members/update","Manage all aspects of the Yammer service."
