"UserDisplayName","UserPrincipalName","UserMail","UserId","UserAccountEnabled","AssignmentPath","AssignedGroupId","AssignedGroupName","AssignmentState","RoleDisplayName","RoleDefinitionId","RoleTemplateId","RoleIsBuiltIn","DetectionReason","CapabilityScope","MatchedPermissions","DirectoryScopeId","ScopeType","ScopeDisplayName","ScopeObjectId","AssignmentInstanceId","AssignmentScheduleId","EligibilityScheduleId","AssignmentType","MemberType","StartDateTimeUtc","EndDateTimeUtc","TimingStatus"
"Quiana Gibson - Admin Account","admin-qg@erock.com","admin-qg@erock.com","09c6a9e1-9e24-4e91-b8de-31efbaee0274","True","Inherited through role-assigned group","6c0949b8-36f9-4eaa-b3e9-0c218e68d8fe","HelpDesk-AdminAccounts","Active","Windows 365 Administrator","11451d60-acb2-45eb-a7d6-43d0f0125c13","11451d60-acb2-45eb-a7d6-43d0f0125c13","True","Explicit group-membership permission","Explicit role permission matched","microsoft.directory/groups.security/members/update","/","Tenant","Entire tenant",,"YB1FEbKs60Wn1kPQ8BJcE7hJCWz5NqpOs-kMIY5o2P4-1","a75a5869-50ac-41b3-a475-6ef65f5bc8a8",,"Assigned","Direct","06/02/2025 19:42:14","","Permanent or open-ended"
"Quiana Gibson - Admin Account","admin-qg@erock.com","admin-qg@erock.com","09c6a9e1-9e24-4e91-b8de-31efbaee0274","True","Inherited through role-assigned group","6c0949b8-36f9-4eaa-b3e9-0c218e68d8fe","HelpDesk-AdminAccounts","Active","User Administrator","fe930be7-5e62-47db-91af-98c3a49a38b1","fe930be7-5e62-47db-91af-98c3a49a38b1","True","Known broad built-in role; Explicit group-membership permission","User and group administration; role-assignable groups remain specially protected","microsoft.directory/groups/members/update","/","Tenant","Entire tenant",,"5wuT_mJe20eRr5jDpJo4sbhJCWz5NqpOs-kMIY5o2P4-1","bb68824a-0049-4cb4-8ffc-112b67c2d354",,"Assigned","Direct","04/15/2025 14:21:33","","Permanent or open-ended"
"Quiana Gibson - Admin Account","admin-qg@erock.com","admin-qg@erock.com","09c6a9e1-9e24-4e91-b8de-31efbaee0274","True","Inherited through role-assigned group","6c0949b8-36f9-4eaa-b3e9-0c218e68d8fe","HelpDesk-AdminAccounts","Eligible","SharePoint Administrator","f28a1f50-f6e7-4571-818b-6a12f2af6b6c","f28a1f50-f6e7-4571-818b-6a12f2af6b6c","True","Explicit group-membership permission","Explicit role permission matched","microsoft.directory/groups.unified/members/update","/","Tenant","Entire tenant",,"UB-K8uf2cUWBi2oS8q9rbLhJCWz5NqpOs-kMIY5o2P4-1-e",,"32ddcec3-1a8e-4f2b-b9fa-62fc0a905e45",,"Direct","06/04/2025 18:38:10","","Permanent or open-ended"
"Randy Atkinson - Admin Account","admin-ra@erock.com",,"1c54a450-06ab-4176-831c-ba3009a9a183","True","Inherited through role-assigned group","6c0949b8-36f9-4eaa-b3e9-0c218e68d8fe","HelpDesk-AdminAccounts","Active","Windows 365 Administrator","11451d60-acb2-45eb-a7d6-43d0f0125c13","11451d60-acb2-45eb-a7d6-43d0f0125c13","True","Explicit group-membership permission","Explicit role permission matched","microsoft.directory/groups.security/members/update","/","Tenant","Entire tenant",,"YB1FEbKs60Wn1kPQ8BJcE7hJCWz5NqpOs-kMIY5o2P4-1","a75a5869-50ac-41b3-a475-6ef65f5bc8a8",,"Assigned","Direct","06/02/2025 19:42:14","","Permanent or open-ended"
"Randy Atkinson - Admin Account","admin-ra@erock.com",,"1c54a450-06ab-4176-831c-ba3009a9a183","True","Inherited through role-assigned group","6c0949b8-36f9-4eaa-b3e9-0c218e68d8fe","HelpDesk-AdminAccounts","Active","User Administrator","fe930be7-5e62-47db-91af-98c3a49a38b1","fe930be7-5e62-47db-91af-98c3a49a38b1","True","Known broad built-in role; Explicit group-membership permission","User and group administration; role-assignable groups remain specially protected","microsoft.directory/groups/members/update","/","Tenant","Entire tenant",,"5wuT_mJe20eRr5jDpJo4sbhJCWz5NqpOs-kMIY5o2P4-1","bb68824a-0049-4cb4-8ffc-112b67c2d354",,"Assigned","Direct","04/15/2025 14:21:33","","Permanent or open-ended"
"Randy Atkinson - Admin Account","admin-ra@erock.com",,"1c54a450-06ab-4176-831c-ba3009a9a183","True","Inherited through role-assigned group","6c0949b8-36f9-4eaa-b3e9-0c218e68d8fe","HelpDesk-AdminAccounts","Eligible","SharePoint Administrator","f28a1f50-f6e7-4571-818b-6a12f2af6b6c","f28a1f50-f6e7-4571-818b-6a12f2af6b6c","True","Explicit group-membership permission","Explicit role permission matched","microsoft.directory/groups.unified/members/update","/","Tenant","Entire tenant",,"UB-K8uf2cUWBi2oS8q9rbLhJCWz5NqpOs-kMIY5o2P4-1-e",,"32ddcec3-1a8e-4f2b-b9fa-62fc0a905e45",,"Direct","06/04/2025 18:38:10","","Permanent or open-ended"
"Huytan Nguyen - Admin Account","admin-hn@erock.com","admin-hn@erock.com","1f6de986-46f6-4e74-9625-b5f68029ca98","True","Inherited through role-assigned group","6c0949b8-36f9-4eaa-b3e9-0c218e68d8fe","HelpDesk-AdminAccounts","Active","Windows 365 Administrator","11451d60-acb2-45eb-a7d6-43d0f0125c13","11451d60-acb2-45eb-a7d6-43d0f0125c13","True","Explicit group-membership permission","Explicit role permission matched","microsoft.directory/groups.security/members/update","/","Tenant","Entire tenant",,"YB1FEbKs60Wn1kPQ8BJcE7hJCWz5NqpOs-kMIY5o2P4-1","a75a5869-50ac-41b3-a475-6ef65f5bc8a8",,"Assigned","Direct","06/02/2025 19:42:14","","Permanent or open-ended"
"Huytan Nguyen - Admin Account","admin-hn@erock.com","admin-hn@erock.com","1f6de986-46f6-4e74-9625-b5f68029ca98","True","Inherited through role-assigned group","6c0949b8-36f9-4eaa-b3e9-0c218e68d8fe","HelpDesk-AdminAccounts","Active","User Administrator","fe930be7-5e62-47db-91af-98c3a49a38b1","fe930be7-5e62-47db-91af-98c3a49a38b1","True","Known broad built-in role; Explicit group-membership permission","User and group administration; role-assignable groups remain specially protected","microsoft.directory/groups/members/update","/","Tenant","Entire tenant",,"5wuT_mJe20eRr5jDpJo4sbhJCWz5NqpOs-kMIY5o2P4-1","bb68824a-0049-4cb4-8ffc-112b67c2d354",,"Assigned","Direct","04/15/2025 14:21:33","","Permanent or open-ended"
"Huytan Nguyen - Admin Account","admin-hn@erock.com","admin-hn@erock.com","1f6de986-46f6-4e74-9625-b5f68029ca98",,"Direct user assignment",,,"Eligible","Intune Administrator","3a2c62db-5318-420d-8d74-23affee5d9d5","3a2c62db-5318-420d-8d74-23affee5d9d5","True","Explicit group-membership permission","Explicit role permission matched","microsoft.directory/groups.security/members/update","/","Tenant","Entire tenant",,"22IsOhhTDUKNdCOv_uXZ1YbpbR_2RnROliW19oApypg-1-e",,"57d64833-34d8-4386-a82b-a3e4158be024",,"Direct","02/24/2026 17:29:07","","Permanent or open-ended"
"Huytan Nguyen - Admin Account","admin-hn@erock.com","admin-hn@erock.com","1f6de986-46f6-4e74-9625-b5f68029ca98","True","Inherited through role-assigned group","6c0949b8-36f9-4eaa-b3e9-0c218e68d8fe","HelpDesk-AdminAccounts","Eligible","SharePoint Administrator","f28a1f50-f6e7-4571-818b-6a12f2af6b6c","f28a1f50-f6e7-4571-818b-6a12f2af6b6c","True","Explicit group-membership permission","Explicit role permission matched","microsoft.directory/groups.unified/members/update","/","Tenant","Entire tenant",,"UB-K8uf2cUWBi2oS8q9rbLhJCWz5NqpOs-kMIY5o2P4-1-e",,"32ddcec3-1a8e-4f2b-b9fa-62fc0a905e45",,"Direct","06/04/2025 18:38:10","","Permanent or open-ended"
"Randy Atkinson","ratkinson@erock.com","ratkinson@erock.com","27f4ec71-9168-480e-aaff-da6aa59c7ad1",,"Direct user assignment",,,"Eligible","SharePoint Administrator","f28a1f50-f6e7-4571-818b-6a12f2af6b6c","f28a1f50-f6e7-4571-818b-6a12f2af6b6c","True","Explicit group-membership permission","Explicit role permission matched","microsoft.directory/groups.unified/members/update","/","Tenant","Entire tenant",,"UB-K8uf2cUWBi2oS8q9rbHHs9CdokQ5Iqv_aaqWcetE-1-e",,"61854729-3a99-48e2-9ab9-d0af8e00006a",,"Direct","04/25/2024 19:26:51","","Permanent or open-ended"
"Dakota Ruhl - Admin Account","admin-dr@erock.com","admin-dr@erock.com","38d611d7-065d-49bc-aa51-4bb3793267fa",,"Direct user assignment",,,"Active","Global Administrator","62e90394-69f5-4237-9190-012177145e10","62e90394-69f5-4237-9190-012177145e10","True","Known broad built-in role","Broad tenant administration, including group management","","/","Tenant","Entire tenant",,"lAPpYvVpN0KRkAEhdxReENcR1jhdBrxJqlFLs3kyZ_o-1","95f10212-42dc-492c-84ad-69b595aa7a35",,"Activated","Direct","10/05/2026 16:16:33","10/06/2026 00:16:32","Future"
"Dakota Ruhl - Admin Account","admin-dr@erock.com","admin-dr@erock.com","38d611d7-065d-49bc-aa51-4bb3793267fa",,"Direct user assignment",,,"Active","Teams Administrator","69091246-20e8-4a56-aa4d-066075b2a7a8","69091246-20e8-4a56-aa4d-066075b2a7a8","True","Explicit group-membership permission","Explicit role permission matched","microsoft.directory/groups.unified/members/update","/","Tenant","Entire tenant",,"RhIJaeggVkqqTQZgdbKnqNcR1jhdBrxJqlFLs3kyZ_o-1","d338f3a1-5e04-4b8c-bda8-99949eebe3d6",,"Assigned","Direct","11/07/2025 19:35:01","","Permanent or open-ended"
"Dakota Ruhl - Admin Account","admin-dr@erock.com","admin-dr@erock.com","38d611d7-065d-49bc-aa51-4bb3793267fa",,"Direct user assignment",,,"Active","SharePoint Administrator","f28a1f50-f6e7-4571-818b-6a12f2af6b6c","f28a1f50-f6e7-4571-818b-6a12f2af6b6c","True","Explicit group-membership permission","Explicit role permission matched","microsoft.directory/groups.unified/members/update","/","Tenant","Entire tenant",,"UB-K8uf2cUWBi2oS8q9rbNcR1jhdBrxJqlFLs3kyZ_o-1","UB-K8uf2cUWBi2oS8q9rbNcR1jhdBrxJqlFLs3kyZ_o-1",,"Assigned","Direct","","","Permanent or open-ended"
"Dakota Ruhl - Admin Account","admin-dr@erock.com","admin-dr@erock.com","38d611d7-065d-49bc-aa51-4bb3793267fa",,"Direct user assignment",,,"Eligible","Global Administrator","62e90394-69f5-4237-9190-012177145e10","62e90394-69f5-4237-9190-012177145e10","True","Known broad built-in role","Broad tenant administration, including group management","","/","Tenant","Entire tenant",,"lAPpYvVpN0KRkAEhdxReENcR1jhdBrxJqlFLs3kyZ_o-1-e",,"d5c226ad-9deb-474f-bf57-00a7d6b647e6",,"Direct","02/16/2026 20:37:51","","Permanent or open-ended"
"Bianca Panes - Admin Account","admin-bp@erock.com","admin-bp@erock.com","52a47603-6692-4049-9d9d-85612ca5d7ba","True","Inherited through role-assigned group","6c0949b8-36f9-4eaa-b3e9-0c218e68d8fe","HelpDesk-AdminAccounts","Active","Windows 365 Administrator","11451d60-acb2-45eb-a7d6-43d0f0125c13","11451d60-acb2-45eb-a7d6-43d0f0125c13","True","Explicit group-membership permission","Explicit role permission matched","microsoft.directory/groups.security/members/update","/","Tenant","Entire tenant",,"YB1FEbKs60Wn1kPQ8BJcE7hJCWz5NqpOs-kMIY5o2P4-1","a75a5869-50ac-41b3-a475-6ef65f5bc8a8",,"Assigned","Direct","06/02/2025 19:42:14","","Permanent or open-ended"
"Bianca Panes - Admin Account","admin-bp@erock.com","admin-bp@erock.com","52a47603-6692-4049-9d9d-85612ca5d7ba","True","Inherited through role-assigned group","6c0949b8-36f9-4eaa-b3e9-0c218e68d8fe","HelpDesk-AdminAccounts","Active","User Administrator","fe930be7-5e62-47db-91af-98c3a49a38b1","fe930be7-5e62-47db-91af-98c3a49a38b1","True","Known broad built-in role; Explicit group-membership permission","User and group administration; role-assignable groups remain specially protected","microsoft.directory/groups/members/update","/","Tenant","Entire tenant",,"5wuT_mJe20eRr5jDpJo4sbhJCWz5NqpOs-kMIY5o2P4-1","bb68824a-0049-4cb4-8ffc-112b67c2d354",,"Assigned","Direct","04/15/2025 14:21:33","","Permanent or open-ended"
"Bianca Panes - Admin Account","admin-bp@erock.com","admin-bp@erock.com","52a47603-6692-4049-9d9d-85612ca5d7ba","True","Inherited through role-assigned group","6c0949b8-36f9-4eaa-b3e9-0c218e68d8fe","HelpDesk-AdminAccounts","Eligible","SharePoint Administrator","f28a1f50-f6e7-4571-818b-6a12f2af6b6c","f28a1f50-f6e7-4571-818b-6a12f2af6b6c","True","Explicit group-membership permission","Explicit role permission matched","microsoft.directory/groups.unified/members/update","/","Tenant","Entire tenant",,"UB-K8uf2cUWBi2oS8q9rbLhJCWz5NqpOs-kMIY5o2P4-1-e",,"32ddcec3-1a8e-4f2b-b9fa-62fc0a905e45",,"Direct","06/04/2025 18:38:10","","Permanent or open-ended"
"Deployment Admin - Apple Push Cert Account","admin-deployment@erock.com","admin-deployment@erock.com","968d3641-6499-44c8-9ef7-31063445b16a",,"Direct user assignment",,,"Active","Intune Administrator","3a2c62db-5318-420d-8d74-23affee5d9d5","3a2c62db-5318-420d-8d74-23affee5d9d5","True","Explicit group-membership permission","Explicit role permission matched","microsoft.directory/groups.security/members/update","/","Tenant","Entire tenant",,"22IsOhhTDUKNdCOv_uXZ1UE2jZaZZMhEnvcxBjRFsWo-1","22IsOhhTDUKNdCOv_uXZ1UE2jZaZZMhEnvcxBjRFsWo-1",,"Assigned","Direct","","","Permanent or open-ended"
"Kevin Du - Admin Account","admin-kd@erock.com",,"ad608269-756b-4db9-8e74-9d58accf25c1","True","Inherited through role-assigned group","6c0949b8-36f9-4eaa-b3e9-0c218e68d8fe","HelpDesk-AdminAccounts","Active","Windows 365 Administrator","11451d60-acb2-45eb-a7d6-43d0f0125c13","11451d60-acb2-45eb-a7d6-43d0f0125c13","True","Explicit group-membership permission","Explicit role permission matched","microsoft.directory/groups.security/members/update","/","Tenant","Entire tenant",,"YB1FEbKs60Wn1kPQ8BJcE7hJCWz5NqpOs-kMIY5o2P4-1","a75a5869-50ac-41b3-a475-6ef65f5bc8a8",,"Assigned","Direct","06/02/2025 19:42:14","","Permanent or open-ended"
"Kevin Du - Admin Account","admin-kd@erock.com",,"ad608269-756b-4db9-8e74-9d58accf25c1","True","Inherited through role-assigned group","6c0949b8-36f9-4eaa-b3e9-0c218e68d8fe","HelpDesk-AdminAccounts","Active","User Administrator","fe930be7-5e62-47db-91af-98c3a49a38b1","fe930be7-5e62-47db-91af-98c3a49a38b1","True","Known broad built-in role; Explicit group-membership permission","User and group administration; role-assignable groups remain specially protected","microsoft.directory/groups/members/update","/","Tenant","Entire tenant",,"5wuT_mJe20eRr5jDpJo4sbhJCWz5NqpOs-kMIY5o2P4-1","bb68824a-0049-4cb4-8ffc-112b67c2d354",,"Assigned","Direct","04/15/2025 14:21:33","","Permanent or open-ended"
"Kevin Du - Admin Account","admin-kd@erock.com",,"ad608269-756b-4db9-8e74-9d58accf25c1","True","Inherited through role-assigned group","6c0949b8-36f9-4eaa-b3e9-0c218e68d8fe","HelpDesk-AdminAccounts","Eligible","SharePoint Administrator","f28a1f50-f6e7-4571-818b-6a12f2af6b6c","f28a1f50-f6e7-4571-818b-6a12f2af6b6c","True","Explicit group-membership permission","Explicit role permission matched","microsoft.directory/groups.unified/members/update","/","Tenant","Entire tenant",,"UB-K8uf2cUWBi2oS8q9rbLhJCWz5NqpOs-kMIY5o2P4-1-e",,"32ddcec3-1a8e-4f2b-b9fa-62fc0a905e45",,"Direct","06/04/2025 18:38:10","","Permanent or open-ended"
"Admin Test - Sathya Long","admin-test@erock.com","admin-test@erock.com","cca43223-1aa4-4752-a38a-2738e7609521","True","Inherited through role-assigned group","6c0949b8-36f9-4eaa-b3e9-0c218e68d8fe","HelpDesk-AdminAccounts","Active","Windows 365 Administrator","11451d60-acb2-45eb-a7d6-43d0f0125c13","11451d60-acb2-45eb-a7d6-43d0f0125c13","True","Explicit group-membership permission","Explicit role permission matched","microsoft.directory/groups.security/members/update","/","Tenant","Entire tenant",,"YB1FEbKs60Wn1kPQ8BJcE7hJCWz5NqpOs-kMIY5o2P4-1","a75a5869-50ac-41b3-a475-6ef65f5bc8a8",,"Assigned","Direct","06/02/2025 19:42:14","","Permanent or open-ended"
"Admin Test - Sathya Long","admin-test@erock.com","admin-test@erock.com","cca43223-1aa4-4752-a38a-2738e7609521",,"Direct user assignment",,,"Active","Privileged Role Administrator","e8611ab8-c189-46e8-94e1-60213ab1f814","e8611ab8-c189-46e8-94e1-60213ab1f814","True","Known broad built-in role","Includes management of role assignments and role-assignable group membership","","/","Tenant","Entire tenant",,"uBph6InB6EaU4WAhOrH4FCMypMykGlJHo4onOOdglSE-1","b1273fa6-2545-469e-9499-639a6df8907e",,"Assigned","Direct","04/11/2025 14:38:59","","Permanent or open-ended"
"Admin Test - Sathya Long","admin-test@erock.com","admin-test@erock.com","cca43223-1aa4-4752-a38a-2738e7609521","True","Inherited through role-assigned group","6c0949b8-36f9-4eaa-b3e9-0c218e68d8fe","HelpDesk-AdminAccounts","Active","User Administrator","fe930be7-5e62-47db-91af-98c3a49a38b1","fe930be7-5e62-47db-91af-98c3a49a38b1","True","Known broad built-in role; Explicit group-membership permission","User and group administration; role-assignable groups remain specially protected","microsoft.directory/groups/members/update","/","Tenant","Entire tenant",,"5wuT_mJe20eRr5jDpJo4sbhJCWz5NqpOs-kMIY5o2P4-1","bb68824a-0049-4cb4-8ffc-112b67c2d354",,"Assigned","Direct","04/15/2025 14:21:33","","Permanent or open-ended"
"Admin Test - Sathya Long","admin-test@erock.com","admin-test@erock.com","cca43223-1aa4-4752-a38a-2738e7609521","True","Inherited through role-assigned group","6c0949b8-36f9-4eaa-b3e9-0c218e68d8fe","HelpDesk-AdminAccounts","Eligible","SharePoint Administrator","f28a1f50-f6e7-4571-818b-6a12f2af6b6c","f28a1f50-f6e7-4571-818b-6a12f2af6b6c","True","Explicit group-membership permission","Explicit role permission matched","microsoft.directory/groups.unified/members/update","/","Tenant","Entire tenant",,"UB-K8uf2cUWBi2oS8q9rbLhJCWz5NqpOs-kMIY5o2P4-1-e",,"32ddcec3-1a8e-4f2b-b9fa-62fc0a905e45",,"Direct","06/04/2025 18:38:10","","Permanent or open-ended"
"Sathya Long - Admin Account","admin-sl@erock.com","admin-sl@erock.com","d7196a49-9f8f-4afc-bde2-7313607d90fa",,"Direct user assignment",,,"Active","Intune Administrator","3a2c62db-5318-420d-8d74-23affee5d9d5","3a2c62db-5318-420d-8d74-23affee5d9d5","True","Explicit group-membership permission","Explicit role permission matched","microsoft.directory/groups.security/members/update","/","Tenant","Entire tenant",,"22IsOhhTDUKNdCOv_uXZ1UlqGdePn_xKveJzE2B9kPo-1","7b3b8cdf-2249-4d47-b242-46c8febe55c4",,"Assigned","Direct","02/23/2023 15:21:40","","Permanent or open-ended"
"Sathya Long - Admin Account","admin-sl@erock.com","admin-sl@erock.com","d7196a49-9f8f-4afc-bde2-7313607d90fa",,"Direct user assignment",,,"Active","Global Administrator","62e90394-69f5-4237-9190-012177145e10","62e90394-69f5-4237-9190-012177145e10","True","Known broad built-in role","Broad tenant administration, including group management","","/","Tenant","Entire tenant",,"lAPpYvVpN0KRkAEhdxReEElqGdePn_xKveJzE2B9kPo-1","lAPpYvVpN0KRkAEhdxReEElqGdePn_xKveJzE2B9kPo-1",,"Assigned","Direct","","","Permanent or open-ended"
"Sathya Long - Admin Account","admin-sl@erock.com","admin-sl@erock.com","d7196a49-9f8f-4afc-bde2-7313607d90fa",,"Direct user assignment",,,"Active","Privileged Role Administrator","e8611ab8-c189-46e8-94e1-60213ab1f814","e8611ab8-c189-46e8-94e1-60213ab1f814","True","Known broad built-in role","Includes management of role assignments and role-assignable group membership","","/","Tenant","Entire tenant",,"uBph6InB6EaU4WAhOrH4FElqGdePn_xKveJzE2B9kPo-1","e3607311-3d61-4d67-bab5-b19f11c33840",,"Assigned","Direct","10/10/2025 17:02:26","","Permanent or open-ended"
"Sathya Long - Admin Account","admin-sl@erock.com","admin-sl@erock.com","d7196a49-9f8f-4afc-bde2-7313607d90fa",,"Direct user assignment",,,"Active","SharePoint Administrator","f28a1f50-f6e7-4571-818b-6a12f2af6b6c","f28a1f50-f6e7-4571-818b-6a12f2af6b6c","True","Explicit group-membership permission","Explicit role permission matched","microsoft.directory/groups.unified/members/update","/","Tenant","Entire tenant",,"UB-K8uf2cUWBi2oS8q9rbElqGdePn_xKveJzE2B9kPo-1","UB-K8uf2cUWBi2oS8q9rbElqGdePn_xKveJzE2B9kPo-1",,"Assigned","Direct","","","Permanent or open-ended"
"Sathya Long - Admin Account","admin-sl@erock.com","admin-sl@erock.com","d7196a49-9f8f-4afc-bde2-7313607d90fa",,"Direct user assignment",,,"Eligible","SharePoint Administrator","f28a1f50-f6e7-4571-818b-6a12f2af6b6c","f28a1f50-f6e7-4571-818b-6a12f2af6b6c","True","Explicit group-membership permission","Explicit role permission matched","microsoft.directory/groups.unified/members/update","/","Tenant","Entire tenant",,"UB-K8uf2cUWBi2oS8q9rbElqGdePn_xKveJzE2B9kPo-1-e",,"3abd8108-77d4-4f8a-b236-304cc06282e9",,"Direct","03/27/2025 14:47:22","","Permanent or open-ended"
"Joseph Obebeduo - Admin Account","admin-jo@erock.com","admin-jo@erock.com","d8c610d6-24c1-48b7-8c68-6100f8cdfff7","True","Inherited through role-assigned group","6c0949b8-36f9-4eaa-b3e9-0c218e68d8fe","HelpDesk-AdminAccounts","Active","Windows 365 Administrator","11451d60-acb2-45eb-a7d6-43d0f0125c13","11451d60-acb2-45eb-a7d6-43d0f0125c13","True","Explicit group-membership permission","Explicit role permission matched","microsoft.directory/groups.security/members/update","/","Tenant","Entire tenant",,"YB1FEbKs60Wn1kPQ8BJcE7hJCWz5NqpOs-kMIY5o2P4-1","a75a5869-50ac-41b3-a475-6ef65f5bc8a8",,"Assigned","Direct","06/02/2025 19:42:14","","Permanent or open-ended"
"Joseph Obebeduo - Admin Account","admin-jo@erock.com","admin-jo@erock.com","d8c610d6-24c1-48b7-8c68-6100f8cdfff7","True","Inherited through role-assigned group","6c0949b8-36f9-4eaa-b3e9-0c218e68d8fe","HelpDesk-AdminAccounts","Active","User Administrator","fe930be7-5e62-47db-91af-98c3a49a38b1","fe930be7-5e62-47db-91af-98c3a49a38b1","True","Known broad built-in role; Explicit group-membership permission","User and group administration; role-assignable groups remain specially protected","microsoft.directory/groups/members/update","/","Tenant","Entire tenant",,"5wuT_mJe20eRr5jDpJo4sbhJCWz5NqpOs-kMIY5o2P4-1","bb68824a-0049-4cb4-8ffc-112b67c2d354",,"Assigned","Direct","04/15/2025 14:21:33","","Permanent or open-ended"
"Joseph Obebeduo - Admin Account","admin-jo@erock.com","admin-jo@erock.com","d8c610d6-24c1-48b7-8c68-6100f8cdfff7","True","Inherited through role-assigned group","6c0949b8-36f9-4eaa-b3e9-0c218e68d8fe","HelpDesk-AdminAccounts","Eligible","SharePoint Administrator","f28a1f50-f6e7-4571-818b-6a12f2af6b6c","f28a1f50-f6e7-4571-818b-6a12f2af6b6c","True","Explicit group-membership permission","Explicit role permission matched","microsoft.directory/groups.unified/members/update","/","Tenant","Entire tenant",,"UB-K8uf2cUWBi2oS8q9rbLhJCWz5NqpOs-kMIY5o2P4-1-e",,"32ddcec3-1a8e-4f2b-b9fa-62fc0a905e45",,"Direct","06/04/2025 18:38:10","","Permanent or open-ended"
"Ketul Parekh - Admin Account","admin-kp@erock.com","admin-kp@erock.com","f1c21d97-91b5-4cbf-9bda-a91e2f737e8c","True","Inherited through role-assigned group","6c0949b8-36f9-4eaa-b3e9-0c218e68d8fe","HelpDesk-AdminAccounts","Active","Windows 365 Administrator","11451d60-acb2-45eb-a7d6-43d0f0125c13","11451d60-acb2-45eb-a7d6-43d0f0125c13","True","Explicit group-membership permission","Explicit role permission matched","microsoft.directory/groups.security/members/update","/","Tenant","Entire tenant",,"YB1FEbKs60Wn1kPQ8BJcE7hJCWz5NqpOs-kMIY5o2P4-1","a75a5869-50ac-41b3-a475-6ef65f5bc8a8",,"Assigned","Direct","06/02/2025 19:42:14","","Permanent or open-ended"
"Ketul Parekh - Admin Account","admin-kp@erock.com","admin-kp@erock.com","f1c21d97-91b5-4cbf-9bda-a91e2f737e8c",,"Direct user assignment",,,"Active","Global Administrator","62e90394-69f5-4237-9190-012177145e10","62e90394-69f5-4237-9190-012177145e10","True","Known broad built-in role","Broad tenant administration, including group management","","/","Tenant","Entire tenant",,"lAPpYvVpN0KRkAEhdxReEJcdwvG1kb9Mm9qpHi9zfow-1","bece9c7d-9a3c-491b-9987-78bb66f28b67",,"Assigned","Direct","12/11/2024 19:55:54","","Permanent or open-ended"
"Ketul Parekh - Admin Account","admin-kp@erock.com","admin-kp@erock.com","f1c21d97-91b5-4cbf-9bda-a91e2f737e8c",,"Direct user assignment",,,"Active","SharePoint Administrator","f28a1f50-f6e7-4571-818b-6a12f2af6b6c","f28a1f50-f6e7-4571-818b-6a12f2af6b6c","True","Explicit group-membership permission","Explicit role permission matched","microsoft.directory/groups.unified/members/update","/","Tenant","Entire tenant",,"UB-K8uf2cUWBi2oS8q9rbJcdwvG1kb9Mm9qpHi9zfow-1","b38f32f9-db98-4c1c-b706-88976ff23a51",,"Assigned","Direct","01/13/2025 16:37:47","","Permanent or open-ended"
"Ketul Parekh - Admin Account","admin-kp@erock.com","admin-kp@erock.com","f1c21d97-91b5-4cbf-9bda-a91e2f737e8c","True","Inherited through role-assigned group","6c0949b8-36f9-4eaa-b3e9-0c218e68d8fe","HelpDesk-AdminAccounts","Active","User Administrator","fe930be7-5e62-47db-91af-98c3a49a38b1","fe930be7-5e62-47db-91af-98c3a49a38b1","True","Known broad built-in role; Explicit group-membership permission","User and group administration; role-assignable groups remain specially protected","microsoft.directory/groups/members/update","/","Tenant","Entire tenant",,"5wuT_mJe20eRr5jDpJo4sbhJCWz5NqpOs-kMIY5o2P4-1","bb68824a-0049-4cb4-8ffc-112b67c2d354",,"Assigned","Direct","04/15/2025 14:21:33","","Permanent or open-ended"
"Ketul Parekh - Admin Account","admin-kp@erock.com","admin-kp@erock.com","f1c21d97-91b5-4cbf-9bda-a91e2f737e8c",,"Direct user assignment",,,"Eligible","Teams Administrator","69091246-20e8-4a56-aa4d-066075b2a7a8","69091246-20e8-4a56-aa4d-066075b2a7a8","True","Explicit group-membership permission","Explicit role permission matched","microsoft.directory/groups.unified/members/update","/","Tenant","Entire tenant",,"RhIJaeggVkqqTQZgdbKnqJcdwvG1kb9Mm9qpHi9zfow-1-e",,"823f2fd0-ca7a-46ba-a957-5080fcf78b54",,"Direct","01/13/2025 16:38:44","","Permanent or open-ended"
"Ketul Parekh - Admin Account","admin-kp@erock.com","admin-kp@erock.com","f1c21d97-91b5-4cbf-9bda-a91e2f737e8c","True","Inherited through role-assigned group","6c0949b8-36f9-4eaa-b3e9-0c218e68d8fe","HelpDesk-AdminAccounts","Eligible","SharePoint Administrator","f28a1f50-f6e7-4571-818b-6a12f2af6b6c","f28a1f50-f6e7-4571-818b-6a12f2af6b6c","True","Explicit group-membership permission","Explicit role permission matched","microsoft.directory/groups.unified/members/update","/","Tenant","Entire tenant",,"UB-K8uf2cUWBi2oS8q9rbLhJCWz5NqpOs-kMIY5o2P4-1-e",,"32ddcec3-1a8e-4f2b-b9fa-62fc0a905e45",,"Direct","06/04/2025 18:38:10","","Permanent or open-ended"
