"AssignmentState","RoleDisplayName","RoleDefinitionId","RoleTemplateId","RoleIsBuiltIn","DetectionReason","CapabilityScope","MatchedPermissions","DirectoryScopeId","ScopeType","ScopeDisplayName","ScopeObjectId","AssignmentInstanceId","AssignmentScheduleId","EligibilityScheduleId","AssignmentType","MemberType","StartDateTimeUtc","EndDateTimeUtc","TimingStatus","PrincipalDisplayName","PrincipalType","PrincipalId","PrincipalUPN","PrincipalMail","PrincipalEnabled"
"Active","Directory Writers","9360feb5-f418-4baa-8175-e2a00bac4301","9360feb5-f418-4baa-8175-e2a00bac4301","True","Known broad built-in role; Explicit group-membership permission","Broad directory write authority including group membership operations","microsoft.directory/groups/members/update","/","Tenant","Entire tenant",,"tf5gkxj0qkuBdeKgC6xDAZbgYhq_7TNDuVXS89IO014-1","tf5gkxj0qkuBdeKgC6xDAZbgYhq_7TNDuVXS89IO014-1",,"Assigned","Direct","","","Permanent or open-ended","CloudConsoleGrapApi","servicePrincipal","1a62e096-edbf-4333-b955-d2f3d20ed35e",,,"True"
"Active","Exchange Administrator","29232cdf-9323-42fd-ade2-1d097af3e4de","29232cdf-9323-42fd-ade2-1d097af3e4de","True","Explicit group-membership permission","Explicit role permission matched","microsoft.directory/groups.unified/members/update","/","Tenant","Entire tenant",,"3ywjKSOT_UKt4h0JevPk3o3GUvpFGuNIqUJjlAJ68e8-1","d8bcf8f3-e3b8-4035-b60a-afd0743818d6",,"Assigned","Direct","08/21/2026 20:28:53","","Permanent or open-ended","Graph App Only Auth","servicePrincipal","fa52c68d-1a45-48e3-a942-6394027af1ef",,,"True"
"Active","Exchange Administrator","29232cdf-9323-42fd-ade2-1d097af3e4de","29232cdf-9323-42fd-ade2-1d097af3e4de","True","Explicit group-membership permission","Explicit role permission matched","microsoft.directory/groups.unified/members/update","/","Tenant","Entire tenant",,"3ywjKSOT_UKt4h0JevPk3ojEMEPpw2dDh63xW97c-fA-1","3ywjKSOT_UKt4h0JevPk3ojEMEPpw2dDh63xW97c-fA-1",,"Assigned","Direct","","","Permanent or open-ended","Huntress Security Platform (Direct)","servicePrincipal","4330c488-c3e9-4367-87ad-f15bdedcf9f0",,,"True"
"Active","Exchange Administrator","29232cdf-9323-42fd-ade2-1d097af3e4de","29232cdf-9323-42fd-ade2-1d097af3e4de","True","Explicit group-membership permission","Explicit role permission matched","microsoft.directory/groups.unified/members/update","/","Tenant","Entire tenant",,"3ywjKSOT_UKt4h0JevPk3uNWASpFwQdMiCXha6dQHJk-1","3ywjKSOT_UKt4h0JevPk3uNWASpFwQdMiCXha6dQHJk-1",,"Assigned","Direct","","","Permanent or open-ended","Huntress Security Platform (Single-Tenant)","servicePrincipal","2a0156e3-c145-4c07-8825-e16ba7501c99",,,"True"
"Active","Global Administrator","62e90394-69f5-4237-9190-012177145e10","62e90394-69f5-4237-9190-012177145e10","True","Known broad built-in role","Broad tenant administration, including group management","","/","Tenant","Entire tenant",,"lAPpYvVpN0KRkAEhdxReENcR1jhdBrxJqlFLs3kyZ_o-1","95f10212-42dc-492c-84ad-69b595aa7a35",,"Activated","Direct","10/05/2026 16:16:33","10/06/2026 00:16:32","Future","Dakota Ruhl - Admin Account","user","38d611d7-065d-49bc-aa51-4bb3793267fa","admin-dr@erock.com","admin-dr@erock.com",
"Active","Global Administrator","62e90394-69f5-4237-9190-012177145e10","62e90394-69f5-4237-9190-012177145e10","True","Known broad built-in role","Broad tenant administration, including group management","","/","Tenant","Entire tenant",,"lAPpYvVpN0KRkAEhdxReEJcdwvG1kb9Mm9qpHi9zfow-1","bece9c7d-9a3c-491b-9987-78bb66f28b67",,"Assigned","Direct","12/11/2024 19:55:54","","Permanent or open-ended","Ketul Parekh - Admin Account","user","f1c21d97-91b5-4cbf-9bda-a91e2f737e8c","admin-kp@erock.com","admin-kp@erock.com",
"Active","Global Administrator","62e90394-69f5-4237-9190-012177145e10","62e90394-69f5-4237-9190-012177145e10","True","Known broad built-in role","Broad tenant administration, including group management","","/","Tenant","Entire tenant",,"lAPpYvVpN0KRkAEhdxReEElqGdePn_xKveJzE2B9kPo-1","lAPpYvVpN0KRkAEhdxReEElqGdePn_xKveJzE2B9kPo-1",,"Assigned","Direct","","","Permanent or open-ended","Sathya Long - Admin Account","user","d7196a49-9f8f-4afc-bde2-7313607d90fa","admin-sl@erock.com","admin-sl@erock.com",
"Active","Intune Administrator","3a2c62db-5318-420d-8d74-23affee5d9d5","3a2c62db-5318-420d-8d74-23affee5d9d5","True","Explicit group-membership permission","Explicit role permission matched","microsoft.directory/groups.security/members/update","/","Tenant","Entire tenant",,"22IsOhhTDUKNdCOv_uXZ1UE2jZaZZMhEnvcxBjRFsWo-1","22IsOhhTDUKNdCOv_uXZ1UE2jZaZZMhEnvcxBjRFsWo-1",,"Assigned","Direct","","","Permanent or open-ended","Deployment Admin - Apple Push Cert Account","user","968d3641-6499-44c8-9ef7-31063445b16a","admin-deployment@erock.com","admin-deployment@erock.com",
"Active","Intune Administrator","3a2c62db-5318-420d-8d74-23affee5d9d5","3a2c62db-5318-420d-8d74-23affee5d9d5","True","Explicit group-membership permission","Explicit role permission matched","microsoft.directory/groups.security/members/update","/","Tenant","Entire tenant",,"22IsOhhTDUKNdCOv_uXZ1UlqGdePn_xKveJzE2B9kPo-1","7b3b8cdf-2249-4d47-b242-46c8febe55c4",,"Assigned","Direct","02/23/2023 15:21:40","","Permanent or open-ended","Sathya Long - Admin Account","user","d7196a49-9f8f-4afc-bde2-7313607d90fa","admin-sl@erock.com","admin-sl@erock.com",
"Active","Privileged Role Administrator","e8611ab8-c189-46e8-94e1-60213ab1f814","e8611ab8-c189-46e8-94e1-60213ab1f814","True","Known broad built-in role","Includes management of role assignments and role-assignable group membership","","/","Tenant","Entire tenant",,"uBph6InB6EaU4WAhOrH4FCMypMykGlJHo4onOOdglSE-1","b1273fa6-2545-469e-9499-639a6df8907e",,"Assigned","Direct","04/11/2025 14:38:59","","Permanent or open-ended","Admin Test - Sathya Long","user","cca43223-1aa4-4752-a38a-2738e7609521","admin-test@erock.com","admin-test@erock.com",
"Active","Privileged Role Administrator","e8611ab8-c189-46e8-94e1-60213ab1f814","e8611ab8-c189-46e8-94e1-60213ab1f814","True","Known broad built-in role","Includes management of role assignments and role-assignable group membership","","/","Tenant","Entire tenant",,"uBph6InB6EaU4WAhOrH4FElqGdePn_xKveJzE2B9kPo-1","e3607311-3d61-4d67-bab5-b19f11c33840",,"Assigned","Direct","10/10/2025 17:02:26","","Permanent or open-ended","Sathya Long - Admin Account","user","d7196a49-9f8f-4afc-bde2-7313607d90fa","admin-sl@erock.com","admin-sl@erock.com",
"Active","SharePoint Administrator","f28a1f50-f6e7-4571-818b-6a12f2af6b6c","f28a1f50-f6e7-4571-818b-6a12f2af6b6c","True","Explicit group-membership permission","Explicit role permission matched","microsoft.directory/groups.unified/members/update","/","Tenant","Entire tenant",,"UB-K8uf2cUWBi2oS8q9rbNcR1jhdBrxJqlFLs3kyZ_o-1","UB-K8uf2cUWBi2oS8q9rbNcR1jhdBrxJqlFLs3kyZ_o-1",,"Assigned","Direct","","","Permanent or open-ended","Dakota Ruhl - Admin Account","user","38d611d7-065d-49bc-aa51-4bb3793267fa","admin-dr@erock.com","admin-dr@erock.com",
"Active","SharePoint Administrator","f28a1f50-f6e7-4571-818b-6a12f2af6b6c","f28a1f50-f6e7-4571-818b-6a12f2af6b6c","True","Explicit group-membership permission","Explicit role permission matched","microsoft.directory/groups.unified/members/update","/","Tenant","Entire tenant",,"UB-K8uf2cUWBi2oS8q9rbJcdwvG1kb9Mm9qpHi9zfow-1","b38f32f9-db98-4c1c-b706-88976ff23a51",,"Assigned","Direct","01/13/2025 16:37:47","","Permanent or open-ended","Ketul Parekh - Admin Account","user","f1c21d97-91b5-4cbf-9bda-a91e2f737e8c","admin-kp@erock.com","admin-kp@erock.com",
"Active","SharePoint Administrator","f28a1f50-f6e7-4571-818b-6a12f2af6b6c","f28a1f50-f6e7-4571-818b-6a12f2af6b6c","True","Explicit group-membership permission","Explicit role permission matched","microsoft.directory/groups.unified/members/update","/","Tenant","Entire tenant",,"UB-K8uf2cUWBi2oS8q9rbElqGdePn_xKveJzE2B9kPo-1","UB-K8uf2cUWBi2oS8q9rbElqGdePn_xKveJzE2B9kPo-1",,"Assigned","Direct","","","Permanent or open-ended","Sathya Long - Admin Account","user","d7196a49-9f8f-4afc-bde2-7313607d90fa","admin-sl@erock.com","admin-sl@erock.com",
"Active","SharePoint Administrator","f28a1f50-f6e7-4571-818b-6a12f2af6b6c","f28a1f50-f6e7-4571-818b-6a12f2af6b6c","True","Explicit group-membership permission","Explicit role permission matched","microsoft.directory/groups.unified/members/update","/","Tenant","Entire tenant",,"UB-K8uf2cUWBi2oS8q9rbCH5_G198H5JqWlHUXzdKXY-1","UB-K8uf2cUWBi2oS8q9rbCH5_G198H5JqWlHUXzdKXY-1",,"Assigned","Direct","","","Permanent or open-ended","Teams-RecordingRetention-Scrubber","servicePrincipal","6dfcf921-f07d-497e-a969-47517cdd2976",,,"True"
"Active","Teams Administrator","69091246-20e8-4a56-aa4d-066075b2a7a8","69091246-20e8-4a56-aa4d-066075b2a7a8","True","Explicit group-membership permission","Explicit role permission matched","microsoft.directory/groups.unified/members/update","/","Tenant","Entire tenant",,"RhIJaeggVkqqTQZgdbKnqNcR1jhdBrxJqlFLs3kyZ_o-1","d338f3a1-5e04-4b8c-bda8-99949eebe3d6",,"Assigned","Direct","11/07/2025 19:35:01","","Permanent or open-ended","Dakota Ruhl - Admin Account","user","38d611d7-065d-49bc-aa51-4bb3793267fa","admin-dr@erock.com","admin-dr@erock.com",
"Active","User Administrator","fe930be7-5e62-47db-91af-98c3a49a38b1","fe930be7-5e62-47db-91af-98c3a49a38b1","True","Known broad built-in role; Explicit group-membership permission","User and group administration; role-assignable groups remain specially protected","microsoft.directory/groups/members/update","/","Tenant","Entire tenant",,"5wuT_mJe20eRr5jDpJo4sZbgYhq_7TNDuVXS89IO014-1","5wuT_mJe20eRr5jDpJo4sZbgYhq_7TNDuVXS89IO014-1",,"Assigned","Direct","","","Permanent or open-ended","CloudConsoleGrapApi","servicePrincipal","1a62e096-edbf-4333-b955-d2f3d20ed35e",,,"True"
"Active","User Administrator","fe930be7-5e62-47db-91af-98c3a49a38b1","fe930be7-5e62-47db-91af-98c3a49a38b1","True","Known broad built-in role; Explicit group-membership permission","User and group administration; role-assignable groups remain specially protected","microsoft.directory/groups/members/update","/","Tenant","Entire tenant",,"5wuT_mJe20eRr5jDpJo4sbhJCWz5NqpOs-kMIY5o2P4-1","bb68824a-0049-4cb4-8ffc-112b67c2d354",,"Assigned","Direct","04/15/2025 14:21:33","","Permanent or open-ended","HelpDesk-AdminAccounts","group","6c0949b8-36f9-4eaa-b3e9-0c218e68d8fe",,,
"Active","Windows 365 Administrator","11451d60-acb2-45eb-a7d6-43d0f0125c13","11451d60-acb2-45eb-a7d6-43d0f0125c13","True","Explicit group-membership permission","Explicit role permission matched","microsoft.directory/groups.security/members/update","/","Tenant","Entire tenant",,"YB1FEbKs60Wn1kPQ8BJcE7hJCWz5NqpOs-kMIY5o2P4-1","a75a5869-50ac-41b3-a475-6ef65f5bc8a8",,"Assigned","Direct","06/02/2025 19:42:14","","Permanent or open-ended","HelpDesk-AdminAccounts","group","6c0949b8-36f9-4eaa-b3e9-0c218e68d8fe",,,
"Eligible","Global Administrator","62e90394-69f5-4237-9190-012177145e10","62e90394-69f5-4237-9190-012177145e10","True","Known broad built-in role","Broad tenant administration, including group management","","/","Tenant","Entire tenant",,"lAPpYvVpN0KRkAEhdxReENcR1jhdBrxJqlFLs3kyZ_o-1-e",,"d5c226ad-9deb-474f-bf57-00a7d6b647e6",,"Direct","02/16/2026 20:37:51","","Permanent or open-ended","Dakota Ruhl - Admin Account","user","38d611d7-065d-49bc-aa51-4bb3793267fa","admin-dr@erock.com","admin-dr@erock.com",
"Eligible","Intune Administrator","3a2c62db-5318-420d-8d74-23affee5d9d5","3a2c62db-5318-420d-8d74-23affee5d9d5","True","Explicit group-membership permission","Explicit role permission matched","microsoft.directory/groups.security/members/update","/","Tenant","Entire tenant",,"22IsOhhTDUKNdCOv_uXZ1YbpbR_2RnROliW19oApypg-1-e",,"57d64833-34d8-4386-a82b-a3e4158be024",,"Direct","02/24/2026 17:29:07","","Permanent or open-ended","Huytan Nguyen - Admin Account","user","1f6de986-46f6-4e74-9625-b5f68029ca98","admin-hn@erock.com","admin-hn@erock.com",
"Eligible","SharePoint Administrator","f28a1f50-f6e7-4571-818b-6a12f2af6b6c","f28a1f50-f6e7-4571-818b-6a12f2af6b6c","True","Explicit group-membership permission","Explicit role permission matched","microsoft.directory/groups.unified/members/update","/","Tenant","Entire tenant",,"UB-K8uf2cUWBi2oS8q9rbLhJCWz5NqpOs-kMIY5o2P4-1-e",,"32ddcec3-1a8e-4f2b-b9fa-62fc0a905e45",,"Direct","06/04/2025 18:38:10","","Permanent or open-ended","HelpDesk-AdminAccounts","group","6c0949b8-36f9-4eaa-b3e9-0c218e68d8fe",,,
"Eligible","SharePoint Administrator","f28a1f50-f6e7-4571-818b-6a12f2af6b6c","f28a1f50-f6e7-4571-818b-6a12f2af6b6c","True","Explicit group-membership permission","Explicit role permission matched","microsoft.directory/groups.unified/members/update","/","Tenant","Entire tenant",,"UB-K8uf2cUWBi2oS8q9rbHHs9CdokQ5Iqv_aaqWcetE-1-e",,"61854729-3a99-48e2-9ab9-d0af8e00006a",,"Direct","04/25/2024 19:26:51","","Permanent or open-ended","Randy Atkinson","user","27f4ec71-9168-480e-aaff-da6aa59c7ad1","ratkinson@erock.com","ratkinson@erock.com",
"Eligible","SharePoint Administrator","f28a1f50-f6e7-4571-818b-6a12f2af6b6c","f28a1f50-f6e7-4571-818b-6a12f2af6b6c","True","Explicit group-membership permission","Explicit role permission matched","microsoft.directory/groups.unified/members/update","/","Tenant","Entire tenant",,"UB-K8uf2cUWBi2oS8q9rbElqGdePn_xKveJzE2B9kPo-1-e",,"3abd8108-77d4-4f8a-b236-304cc06282e9",,"Direct","03/27/2025 14:47:22","","Permanent or open-ended","Sathya Long - Admin Account","user","d7196a49-9f8f-4afc-bde2-7313607d90fa","admin-sl@erock.com","admin-sl@erock.com",
"Eligible","Teams Administrator","69091246-20e8-4a56-aa4d-066075b2a7a8","69091246-20e8-4a56-aa4d-066075b2a7a8","True","Explicit group-membership permission","Explicit role permission matched","microsoft.directory/groups.unified/members/update","/","Tenant","Entire tenant",,"RhIJaeggVkqqTQZgdbKnqJcdwvG1kb9Mm9qpHi9zfow-1-e",,"823f2fd0-ca7a-46ba-a957-5080fcf78b54",,"Direct","01/13/2025 16:38:44","","Permanent or open-ended","Ketul Parekh - Admin Account","user","f1c21d97-91b5-4cbf-9bda-a91e2f737e8c","admin-kp@erock.com","admin-kp@erock.com",
