"ExcelRow","FirstName","LastName","Email","UserPrincipalName","DisplayName","PreviousOfficeLocation","RequestedOfficeLocation","FinalOfficeLocation","VerifiedOfficeLocation","LocationSource","UpdateMode","Status","Error"
"2","Alexis","Campbell","ACampbell@erock.com","acampbell@erock.com","Alexis Campbell","Vine","Vine","Vine","Vine","Default","Replace","No change required",
"3","Lorena","Garcia","LGarcia@erock.com","LGarcia@erock.com","Lorena Garcia","Vine","Vine","Vine","Vine","Default","Replace","No change required",
"4","Kacey","Wells","KWells@erock.com","kwells@erock.com","Kacey Wells","Vine","Vine","Vine","Vine","Default","Replace","No change required",
"5","Allison","New","ANew@erock.com","anew@erock.com","Allison New","Vine","Vine","Vine","Vine","Default","Replace","No change required",
"6","Quiana","Gibson","QGibson@erock.com","qgibson@erock.com","Quiana Gibson","Vine","Vine","Vine","Vine","Default","Replace","No change required",
"7","Sathya","Long","Long@erock.com","long@erock.com","Sathya Long","Vine","Vine","Vine","Vine","Default","Replace","No change required",
"8","Lauren","Foster","lfoster@erock.com","LFoster@erock.com","Lauren Foster","Vine","Vine","Vine","Vine","Default","Replace","No change required",
"9","Scott","Abram","SAbram@erock.com","sabram@erock.com","Scott Abram","Vine","Vine","Vine","Vine","Default","Replace","No change required",
"10","Brittney","Nguyen","BNguyen@erock.com","bnguyen@erock.com","Brittney Nguyen","Vine","Vine","Vine","Vine","Default","Replace","No change required",
"11","Jackie","Canales","JCanales@erock.com","JCanales@erock.com","Jackie Canales","VIne","Vine","Vine","VIne","Default","Replace","No change required",
"12","Makala","Scott","MScott@erock.com","mscott@erock.com","Makala Scott","Vine","Vine","Vine","Vine","Default","Replace","No change required",
"13","Patricia","Frederick","PFrederick@erock.com","pfrederick@erock.com","Patricia Frederick","Vine","Vine","Vine","Vine","Default","Replace","No change required",
"14","Savanna","Linton","SLinton@erock.com","slinton@erock.com","Savanna Linton","Vine","Vine","Vine","Vine","Default","Replace","No change required",
"15","Terry","Burleson","TBurleson@erock.com","tburleson@erock.com","Terry Burleson","Vine","Vine","Vine","Vine","Default","Replace","No change required",
"16","Jesus","Serrano","JSerrano@erock.com","JSerrano@erock.com","Jesus Serrano Jr","Vine","Vine","Vine","Vine","Default","Replace","No change required",
"17","Abraham","George","AGeorge@erock.com","ageorge@erock.com","Abraham George","Vine","Vine","Vine","Vine","Default","Replace","No change required",
"18","Serena","Straight","SStraight@erock.com","sstraight@erock.com","Serena Straight","Vine","Vine","Vine","Vine","Default","Replace","No change required",
"19","Dimitrina","Gencheva","DGencheva@erock.com","DGencheva@erock.com","Dimitrina Gencheva","Vine","Vine","Vine","Vine","Default","Replace","No change required",
"20","Heather","Farrow","HFarrow@erock.com","hfarrow@erock.com","Heather Farrow","Vine","Vine","Vine","Vine","Default","Replace","No change required",
"21","Ketul","Parekh","KParekh@erock.com","kparekh@erock.com","Ketul Parekh","Vine","Vine","Vine","Vine","Default","Replace","No change required",
"22","Jim","Pancerella","JPancerella@erock.com","JPancerella@erock.com","Jim Pancerella","Vine","Vine","Vine","Vine","Default","Replace","No change required",
"23","Brandon","Satterfield","BSatterfield@erock.com","bsatterfield@erock.com","Brandon Satterfield","Vine","Vine","Vine","Vine","Default","Replace","No change required",
"24","Logan","Alexander","LAlexander@erock.com","lalexander@erock.com","Logan Alexander","Vine","Vine","Vine","Vine","Default","Replace","No change required",
"25","Trevor","Guy","TGuy@erock.com","tguy@erock.com","Trevor Guy","Vine/Remote","Vine","Vine/Remote","Vine/Remote","Default","Append","No change required",
"26","Ross","Winship","RWinship@erock.com","Rwinship@erock.com","Ross Winship","Vine","Vine","Vine","Vine","Default","Replace","No change required",
"27","Matthew","Fauber","MFauber@erock.com","mfauber@erock.com","Matthew Fauber","Vine","Vine","Vine","Vine","Default","Replace","No change required",
"28","Nicholas","Smiley","NSmiley@erock.com","nsmiley@erock.com","Nicholas Smiley","Vine","Vine","Vine","Vine","Default","Replace","No change required",
"29","Martin","Demaret","MDemaret@erock.com","mdemaret@erock.com","Martin Demaret","Vine","Vine","Vine","Vine","Default","Replace","No change required",
"30","Jared","Ruffin","JRuffin@erock.com","jruffin@erock.com","Jared Ruffin","Vine","Vine","Vine","Vine","Default","Replace","No change required",
"31","Alexa","Manery","AManery@erock.com","AManery@erock.com","Alexa Manery","Vine","Vine","Vine","Vine","Default","Replace","No change required",
"32","Jessica","Rohrbaugh","JRohrbaugh@erock.com","JRohrbaugh@erock.com","Jessica Rohrbaugh","Titan/Vine","Vine","Titan/Vine","Titan/Vine","Default","Append","No change required",
"33","Tiffany","Amaya","TAmaya@erock.com","Tamaya@erock.com","Tiffany Amaya","Vine","Vine","Vine","Vine","Default","Replace","No change required",
"34","Katie","Busse","KBusse@erock.com","kbusse@erock.com","Katie Busse","Stockton/Vine","Vine","Stockton/Vine","Stockton/Vine","Default","Append","No change required",
"35","Paul","Andrews","PAndrews@erock.com","pandrews@erock.com","Paul Andrews","Vine","Vine","Vine","Vine","Default","Replace","No change required",
"36","Casey","Cirio","CCirio@erock.com","ccirio@erock.com","Casey Cirio","Vine","Vine","Vine","Vine","Default","Replace","No change required",
"37","Matthew","Webb","MWebb@erock.com","MWebb@erock.com","Matthew Webb","Vine","Vine","Vine","Vine","Default","Replace","No change required",
"38","Jon","Bradshaw","JBradshaw@erock.com","jbradshaw@erock.com","Jon Bradshaw","Vine","Vine","Vine","Vine","Default","Replace","No change required",
"39","Mary","Cazares","MCazares@erock.com","mcazares@erock.com","Mary Cazares","Vine","Vine","Vine","Vine","Default","Replace","No change required",
"40","Christopher","Gonzales","CGonzales@erock.com","cgonzales@erock.com","Christopher Gonzales","Vine","Vine","Vine","Vine","Default","Replace","No change required",
"41","Nicole","Fleming","NFleming@erock.com","nfleming@erock.com","Nicole Fleming","Vine","Vine","Vine","Vine","Default","Replace","No change required",
"42","John","Brandenburg","JBrandenburg@erock.com","jbrandenburg@erock.com","John Brandenburg","Vine","Vine","Vine","Vine","Default","Replace","No change required",
"43","Sam","Vela","SVela@erock.com","svela@erock.com","Sam Vela","Vine","Vine","Vine","Vine","Default","Replace","No change required",
"44","Tyler","Lauw","TLauw@erock.com","tlauw@erock.com","Tyler Lauw","Vine","Vine","Vine","Vine","Default","Replace","No change required",
"45","Yotam","Bar-Eli","ybareli@erock.com","ybareli@erock.com","Yotam Bar-Eli","Vine","Vine","Vine","Vine","Default","Replace","No change required",
"46","Francisco","Garcia","frangarcia@erock.com","frangarcia@erock.com","Francisco Garcia","Vine","Vine","Vine","Vine","Default","Replace","No change required",
"47","James","Farrimond","JFarrimond@erock.com","jfarrimond@erock.com","James Farrimond","Vine","Vine","Vine","Vine","Default","Replace","No change required",
"48","Cliff","Maness","CManess@erock.com","cmaness@erock.com","Cliff Maness","Vine","Vine","Vine","Vine","Default","Replace","No change required",
"49","Sarah","Mills","SMills@erock.com","smills@erock.com","Sarah Mills","Vine","Vine","Vine","Vine","Default","Replace","No change required",
"50","Jordan","Salinas","JSalinas@erock.com","jsalinas@erock.com","Jordan Salinas","Vine","Vine","Vine","Vine","Default","Replace","No change required",
"51","Chris","Deaville","CDeaville@erock.com","cdeaville@erock.com","Chris Deaville","Vine","Vine","Vine","Vine","Default","Replace","No change required",
"52","Edwin","Guzman","EGuzman@erock.com","eguzman@erock.com","Edwin Guzman","Vine","Vine","Vine","Vine","Default","Replace","No change required",
"53","Jason","Hedgepeth","JHedgepeth@erock.com","JHedgepeth@erock.com","Jason Hedgepeth","Vine","Vine","Vine","Vine","Default","Replace","No change required",
"54","Parag","Shah","PShah@erock.com","pshah@erock.com","Parag Shah","Vine","Vine","Vine","Vine","Default","Replace","No change required",
"55","Allyse","Volpe","AVolpe@erock.com","avolpe@erock.com","Allyse Volpe","Vine","Vine","Vine","Vine","Default","Replace","No change required",
"56","Matt","Anguiano","MAnguiano@erock.com","manguiano@erock.com","Matt Anguiano","Vine","Vine","Vine","Vine","Default","Replace","No change required",
"57","Ashleigh","Amthor","AAmthor@erock.com","AAmthor@erock.com","Ashleigh Amthor","Vine","Vine","Vine","Vine","Default","Replace","No change required",
"58","Madeline","McAndrew","MMcandrew@erock.com","MMcAndrew@erock.com","Madeline McAndrew","Vine","Vine","Vine","Vine","Default","Replace","No change required",
"59","Harris","Cooley","HCooley@erock.com","hcooley@erock.com","Harris Cooley","Vine","Vine","Vine","Vine","Default","Replace","No change required",
"60","Miranda","hayes","MHayes@erock.com","mhayes@erock.com","Miranda Hayes","Vine","Vine","Vine","Vine","Default","Replace","No change required",
"61","Sean","Hallisey","SHallisey@erock.com","shallisey@erock.com","Sean Hallisey","Vine","Vine","Vine","Vine","Default","Replace","No change required",
"62","Jason","Flores","JFlores@erock.com","jflores@erock.com","Jason Flores","Vine","Vine","Vine","Vine","Default","Replace","No change required",
"63","Jessica","Dyer","JDyer@erock.com","jdyer@erock.com","Jessica Dyer","Vine","Vine","Vine","Vine","Default","Replace","No change required",
"64","Aimee","Middleton","AMiddleton@erock.com","AMiddleton@erock.com","Aimee Middleton","Vine","Vine","Vine","Vine","Default","Replace","No change required",
"65","Kosta","Papasideris","KPapasideris@erock.com","kpapasideris@erock.com","Kosta Papasideris","Vine","Vine","Vine","Vine","Default","Replace","No change required",
"66","Holli","Evens","HEvans@erock.com","HEvans@erock.com","Holli Evans","Vine","Vine","Vine","Vine","Default","Replace","No change required",
"67","Josh","Bowron","JBowron@erock.com","Jbowron@erock.com","Josh Bowron","Vine","Vine","Vine","Vine","Default","Replace","No change required",
"68","Adam","Rohan","ARohan@erock.com","arohan@erock.com","Adam Rohan","Vine","Vine","Vine","Vine","Default","Replace","No change required",
"69","Greg","Edwards","GEdwards@erock.com","gedwards@erock.com","Gregory Edwards","Vine","Vine","Vine","Vine","Default","Replace","No change required",
"70","Stephanie","Rosen","SRosen@erock.com","srosen@erock.com","Stephanie Rosen","Vine","Vine","Vine","Vine","Default","Replace","No change required",
"71","George","Giles","GGiles@erock.com","GGiles@erock.com","George Giles","Vine","Vine","Vine","Vine","Default","Replace","No change required",
"72","Miles","Stiles","mstiles@erock.com","mstiles@erock.com","Miles Stiles","Vine","Vine","Vine","Vine","Default","Replace","No change required",
"73","sami","ghubril","sghubril@erock.com","SGhubril@erock.com","Sami Ghubril","Vine","Vine","Vine","Vine","Default","Replace","No change required",
"74","laurel","trevino","ltrevino@erock.com","ltrevino@erock.com","Laurel Trevino","Vine","Vine","Vine","Vine","Default","Replace","No change required",
"75","amber","kahla","akahla@erock.com","akahla@erock.com","Amber Kahla","Vine","Vine","Vine","Vine","Default","Replace","No change required",
"76","Dev","dass","ddass@erock.com","DDass@erock.com","Dev Dass","Vine","Vine","Vine","Vine","Default","Replace","No change required",
"77","george","bechara","gbechara@erock.com","GBechara@erock.com","George Bechara","Vine","Vine","Vine","Vine","Default","Replace","No change required",
"78","jose","arizmendi","jarizmendi@erock.com","JArizmendi@erock.com","Jose Arizmendi","Vine","Vine","Vine","Vine","Default","Replace","No change required",
"79","alejandra","rendon","arendon@erock.com","arendon@erock.com","Alejandra Rendon","Vine","Vine","Vine","Vine","Default","Replace","No change required",
"80","isabella","addison","iaddison@erock.com","iaddison@erock.com","Isabella Addison","Vine","Vine","Vine","Vine","Default","Replace","No change required",
"81","jonathan","horton","jhorton@erock.com","Jhorton@erock.com","Jonathan Horton","Vine","Vine","Vine","Vine","Default","Replace","No change required",
"82","caleb","williams","cwilliams@erock.com","CWilliams@erock.com","Caleb Williams","Vine","Vine","Vine","Vine","Default","Replace","No change required",
"83","jonathan","miller","jmiller@erock.com","JMiller@erock.com","Johnathon Miller","Vine","Vine","Vine","Vine","Default","Replace","No change required",
"84","aracely","perez","aperez@erock.com","APerez@erock.com","Aracely Perez","Vine","Vine","Vine","Vine","Default","Replace","No change required",
"85","jennifer","stivers","jstivers@erock.com","jstivers@erock.com","Jennifer Stivers","Vine","Vine","Vine","Vine","Default","Replace","No change required",
"86","taylor","puskar","tpuskar@erock.com","tpuskar@erock.com","Taylor Puskar","Vine","Vine","Vine","Vine","Default","Replace","No change required",
"87","shumaila","bana","sbana@erock.com","SBana@erock.com","Shumaila Bana","Vine","Vine","Vine","Vine","Default","Replace","No change required",
"88","LaChaundre","Gatson","lgatson@erock.com","lgatson@erock.com","LaChaundre Gatson","Vine","Vine","Vine","Vine","Default","Replace","No change required",
"89","Rachel","Howard","rhoward@erock.com","RHoward@erock.com","Rachel Howard","Vine","Vine","Vine","Vine","Default","Replace","No change required",
"90","lyndon","zvonek","lzvonek@erock.com","lzvonek@erock.com","Lyndon Zvonek","Vine","Vine","Vine","Vine","Default","Replace","No change required",
"91","gaby","oyer","goyer@erock.com","goyer@erock.com","Gaby Oyer","Vine","Vine","Vine","Vine","Default","Replace","No change required",
"92","brittney","loricco","bloricco@erock.com","bloricco@erock.com","Brittney LoRicco","Vine","Vine","Vine","Vine","Default","Replace","No change required",
"93","tabitha","brown","tbrown@erock.com","tbrown@erock.com","Tabitha Brown","Vine","Vine","Vine","Vine","Default","Replace","No change required",
"94","jeff","baldwin","jbaldwin@erock.com","jbaldwin@erock.com","Jeff Baldwin","Vine","Vine","Vine","Vine","Default","Replace","No change required",
"95","sergio","infante","sinfante@erock.com","sinfante@erock.com","Sergio Infante","Vine","Vine","Vine","Vine","Default","Replace","No change required",
"96","Colin","Shields","cshields@erock.com","cshields@erock.com","Colin Shields","Vine","Vine","Vine","Vine","Default","Replace","No change required",
"97","suzy","soto","ssoto@erock.com","ssoto@erock.com","Suzy Soto","Vine","Vine","Vine","Vine","Default","Replace","No change required",
"98","brandon","mcculloch","bmcculloch@erock.com","bmcculloch@erock.com","Brandon McCulloch","Vine","Vine","Vine","Vine","Default","Replace","No change required",
"99","eder","montoya","emontoya@erock.com","Emontoya@erock.com","Eder Montoya","Vine","Vine","Vine","Vine","Default","Replace","No change required",
"100","alec","senko","asenko@erock.com","asenko@erock.com","Alec Senko","Vine","Vine","Vine","Vine","Default","Replace","No change required",
"101","thomas","picana","tpicana@erock.com","tpicana@erock.com","Thomas Picana","Vine","Vine","Vine","Vine","Default","Replace","No change required",
"102","matthew","kim","mkim@erock.com","mkim@erock.com","Matthew Kim","Vine","Vine","Vine","Vine","Default","Replace","No change required",
"103","vanna","do","vdo@erock.com","vdo@erock.com","Vanna Do","Vine","Vine","Vine","Vine","Default","Replace","No change required",
"104","ariadna","labra","alabra@erock.com","alabra@erock.com","Ariadna Labra","Vine","Vine","Vine","Vine","Default","Replace","No change required",
"105","mansi","bhatt","mbhatt@erock.com","mbhatt@erock.com","Mansi Bhatt","Vine","Vine","Vine","Vine","Default","Replace","No change required",
"106","patricia","arechiga","parechiga@erock.com","parechiga@erock.com","Patricia Arechiga","Vine","Vine","Vine","Vine","Default","Replace","No change required",
"107","shreeram","kalyanakrishnan","skalyanakrishnan@erock.com","SKalyanakrishnan@erock.com","Shreeram Kalyanakrishnan","Vine","Vine","Vine","Vine","Default","Replace","No change required",
"108","phuong","huynh","phuynh@erock.com","phuynh@erock.com","Phuong Huynh","Vine","Vine","Vine","Vine","Default","Replace","No change required",
"109","raymond","garcia","rgarcia@erock.com","rgarcia@erock.com","Raymond Garcia","Vine","Vine","Vine","Vine","Default","Replace","No change required",
"110","korey","hightower","khightower@erock.com","khightower@erock.com","Korey Hightower","Vine","Vine","Vine","Vine","Default","Replace","No change required",
"111","nick","demattei","ndemattei@erock.com","ndemattei@erock.com","Nick DeMattei","Vine","Vine","Vine","Vine","Default","Replace","No change required",
"112","emmanuel","aguas-alzner","ealzner@erock.com","ealzner@erock.com","Emmanuel Aguas-Alzner","Vine","Vine","Vine","Vine","Default","Replace","No change required",
"113","riley","mallett","rmallett@erock.com","rmallett@erock.com","Riley Mallett","Vine","Vine","Vine","Vine","Default","Replace","No change required",
"114","thang","la","tla@erock.com","tla@erock.com","Thang La","Vine","Vine","Vine","Vine","Default","Replace","No change required",
"115","omar","cantu","ocantu@erock.com","ocantu@erock.com","Omar Cantu","Vine","Vine","Vine","Vine","Default","Replace","No change required",
"116","garrett","tidsworth","GTidsworth@erock.com","GTidsworth@erock.com","Garrett Tidsworth","Vine","Vine","Vine","Vine","Default","Replace","No change required",
"117","marie","butler","mbutler@erock.com","mbutler@erock.com","Marie Butler","Vine","Vine","Vine","Vine","Default","Replace","No change required",
"118","pradeep","rentala","prentala@erock.com","prentala@erock.com","Pradeep Rentala","Vine","Vine","Vine","Vine","Default","Replace","No change required",
"119","yuki","hua","yhua@erock.com","yhua@erock.com","Yuki Hua","Vine","Vine","Vine","Vine","Default","Replace","No change required",
"120","juan pablo","gutierrez","jpgutierrez@erock.com","jpgutierrez@erock.com","Juan Pablo  Gutierrez","Vine","Vine","Vine","Vine","Default","Replace","No change required",
"121","maria","vizcaino","mvizcaino@erock.com","mvizcaino@erock.com","Maria Vizcaino","Vine","Vine","Vine","Vine","Default","Replace","No change required",
"122","kayvon","kargar","kkargar@erock.com","KKargar@erock.com","Kayvon Kargar","Vine","Vine","Vine","Vine","Default","Replace","No change required",
"123","andrew","kuforiji","akuforiji@erock.com","akuforiji@erock.com","Andrew Kuforiji","Vine","Vine","Vine","Vine","Default","Replace","No change required",
"124","holly","ross","hross@erock.com","hross@erock.com","Holly Ross","Vine","Vine","Vine","Vine","Default","Replace","No change required",
"125","nedal","khalaf","nkhalaf@erock.com","nkhalaf@erock.com","Nedal Khalaf","Vine","Vine","Vine","Vine","Default","Replace","No change required",
"126","krystel","lett","klett@erock.com","klett@erock.com","Krystel Lett","Vine","Vine","Vine","Vine","Default","Replace","No change required",
"127","steven","bolton","sbolton@erock.com","sbolton@erock.com","Steven Bolton","Vine","Vine","Vine","Vine","Default","Replace","No change required",
"128","luis","castillo","lcastillo@erock.com","lcastillo@erock.com","Luis Castillo","Vine","Vine","Vine","Vine","Default","Replace","No change required",
"129","michele","ruiz","mruiz@erock.com","mruiz@erock.com","Michele Ruiz","Vine","Vine","Vine","Vine","Default","Replace","No change required",
"130","audry","black","audry.black@erock.com","Audry.Black@erock.com","Audry Black","Vine","Vine","Vine","Vine","Default","Replace","No change required",
"131","arlene","black","ablack@erock.com","ablack@erock.com","Arlene Black","Vine","Vine","Vine","Vine","Default","Replace","No change required",
"132","revon","weston","rweston@erock.com","rweston@erock.com","Revon Weston","Vine","Vine","Vine","Vine","Default","Replace","No change required",
"133","justin","rector","jrector@erock.com","jrector@erock.com","Justin Rector","Vine","Vine","Vine","Vine","Default","Replace","No change required",
"134","sonia","rementilla","srementilla@erock.com","SRementilla@erock.com","Sonia Rementilla","Vine","Vine","Vine","Vine","Default","Replace","No change required",
"135","lauren","catching","lcatching@erock.com","lcatching@erock.com","Lauren Catching","Vine","Vine","Vine","Vine","Default","Replace","No change required",
"136","alexandra","medina","amedina@erock.com","AMedina@erock.com","Alexandra Medina","Vine","Vine","Vine","Vine","Default","Replace","No change required",
"137","edwardo","esparza","eesparza@erock.com","eesparza@erock.com","Edwardo Esparza","Vine","Vine","Vine","Vine","Default","Replace","No change required",
"138","luke","hughes","lhughes@erock.com","lhughes@erock.com","Luke Hughes","Vine","Vine","Vine","Vine","Default","Replace","No change required",
"139","zachary","shogren","zshogren@erock.com","ZShogren@erock.com","Zachary Shogren","Vine","Vine","Vine","Vine","Default","Replace","No change required",
"140","neha","srivastava","nsrivastava@erock.com","nsrivastava@erock.com","Neha Srivastava","Vine","Vine","Vine","Vine","Default","Replace","No change required",
"141","johnny","stevenson","jstevenson@erock.com","jstevenson@erock.com","Johnny Stevenson","Vine","Vine","Vine","Vine","Default","Replace","No change required",
"142","ammar","baig","abaig@erock.com","abaig@erock.com","Ammar Baig","Vine","Vine","Vine","Vine","Default","Replace","No change required",
"143","lisa","greg-uanseru","lgreguanseru@erock.com","lgreguanseru@erock.com","Lisa Greg-Uanseru","Vine","Vine","Vine","Vine","Default","Replace","No change required",
"144","ashley","gray","agray@erock.com","agray@erock.com","Ashley Gray","Vine","Vine","Vine","Vine","Default","Replace","No change required",
"145","carlos","merino","cmerino@erock.com","cmerino@erock.com","Carlos Merino","Vine","Vine","Vine","Vine","Default","Replace","No change required",
"146","carrie","abbott","cabbott@erock.com","cabbott@erock.com","Carrie Abbott","Vine","Vine","Vine","Vine","Default","Replace","No change required",
"147","vince","scalici","vscalici@erock.com","vscalici@erock.com","Vincent Scalici","Vine","Vine","Vine","Vine","Default","Replace","No change required",
"148","randy","atkinson","ratkinson@erock.com","ratkinson@erock.com","Randy Atkinson","Vine","Vine","Vine","Vine","Default","Replace","No change required",
"149","alex","anastopoulos","aanastopoulos@erock.com","AAnastopoulos@erock.com","Alex Anastopoulos","Vine","Vine","Vine","Vine","Default","Replace","No change required",
"150","josh","gill","jgill@erock.com","jgill@erock.com","Josh Gill","Vine","Vine","Vine","Vine","Default","Replace","No change required",
"151","jeff","bastian","jbastian@erock.com","jbastian@erock.com","Jeff Bastian","Vine","Vine","Vine","Vine","Default","Replace","No change required",
"152","dakota","ruhl","druhl@erock.com","druhl@erock.com","Dakota Ruhl","Vine","Vine","Vine","Vine","Default","Replace","No change required",
"153","huytan","nguyen","hnguyen@erock.com","hnguyen@erock.com","Huytan Nguyen","Vine","Vine","Vine","Vine","Default","Replace","No change required",
"154","joseph","obebeduo","jobebeduo@erock.com","jobebeduo@erock.com","Joseph Obebeduo","Vine","Vine","Vine","Vine","Default","Replace","No change required",
"155","bianca","panes","bpanes@erock.com","bpanes@erock.com","Bianca Panes","Vine/Titan/Hyperion","Vine","Vine/Titan/Hyperion","Vine/Titan/Hyperion","Default","Append","No change required",
"156","kevin","du","kdu@erock.com","kdu@erock.com","Kevin Du","Vine","Vine","Vine","Vine","Default","Replace","No change required",
"157","rex","mennem","rmennem@erock.com","RMennem@erock.com","Rex Mennem","Titan/Vine","Vine","Titan/Vine","Titan/Vine","Default","Append","No change required",
"158","oladapo","akinyede","oakinyede@erock.com","Oakinyede@erock.com","Oladapo  Akinyede","Vine","Vine","Vine","Vine","Default","Replace","No change required",
"159","bevan","coaton","bcoaton@erock.com","BCoaton@erock.com","Bevan Coaton","Vine","Vine","Vine","Vine","Default","Replace","No change required",
"160","nick","nardone","nnardone@erock.com","NNardone@erock.com","Nick Nardone","Vine","Vine","Vine","Vine","Default","Replace","No change required",
"161","taylor","delafosse","ddelafosse@erock.com","ddelafosse@erock.com","Taylor DeLaFosse","Vine","Vine","Vine","Vine","Default","Replace","No change required",
"162","sam","matta","smatta@erock.com","SMatta@erock.com","Sam Matta","Vine","Vine","Vine","Vine","Default","Replace","No change required",
"163","reetikaa","gajula","rgajula@erock.com","rgajula@erock.com","Reetikaa Gajula","Vine","Vine","Vine","Vine","Default","Replace","No change required",
"164","petrick","mccarver","pmccarver@erock.com","PMcCarver@erock.com","Petrick McCarver","Vine","Vine","Vine","Vine","Default","Replace","No change required",
"165","ketil","kirchof","kkirchhof@erock.com","kkirchhof@erock.com","Ketil Kirchhof","Vine","Vine","Vine","Vine","Default","Replace","No change required",
"166","oscar","bonilla","obonilla@erock.com","OBonilla@erock.com","Oscar Bonilla","Vine","Vine","Vine","Vine","Default","Replace","No change required",
"167","kevin","olivier","kolivier@erock.com","kolivier@erock.com","Kevin Olivier","Vine","Vine","Vine","Vine","Default","Replace","No change required",
"168","dhwanit","shah","dshah@erock.com","dshah@erock.com","Dhwanit Shah","Vine/Remote","Vine","Vine/Remote","Vine/Remote","Default","Append","No change required",
"169","alexandra","benedict","abenedict@erock.com","abenedict@erock.com","Alexandra Benedict","Vine","Vine","Vine","Vine","Default","Replace","No change required",
"170","charles","kinnison","ckinnison@erock.com","CKinnison@erock.com","Charles Kinnison","Vine","Vine","Vine","Vine","Default","Replace","No change required",
"171","angel","garcia","agarcia@erock.com","agarcia@erock.com","Angel Garcia","Vine","Vine","Vine","Vine","Default","Replace","No change required",
"172","daniel","ortega","dortega@erock.com","dortega@erock.com","Daniel Ortega","Vine","Vine","Vine","Vine","Default","Replace","No change required",
"173","gustavo","rojas","grojas@erock.com","grojas@erock.com","Gustavo Rojas","Vine","Vine","Vine","Vine","Default","Replace","No change required",
"174","jonathan","galindo","jgalindo@erock.com","JGalindo@erock.com","Jonathan Galindo","Titan/Vine","Vine","Titan/Vine","Titan/Vine","Default","Append","No change required",
"175","robert","bradshaw","rbradshaw@erock.com","rbradshaw@erock.com","Robert Bradshaw","Vine","Vine","Vine","Vine","Default","Replace","No change required",
"176","efren","hinojosa","ehinojosa@erock.com","ehinojosa@erock.com","Efren Hinojosa","Vine","Vine","Vine","Vine","Default","Replace","No change required",
"177","johnny","hernandez","jhernandez@erock.com","jhernandez@erock.com","Johnny Hernandez","Vine","Vine","Vine","Vine","Default","Replace","No change required",
"178","omar","garrido","ogarrido@erock.com","ogarrido@erock.com","Omar Garrido","Vine","Vine","Vine","Vine","Default","Replace","No change required",
"179","christopher","ramos","crramos@erock.com","crramos@erock.com","Cristopher Ramos","Vine","Vine","Vine","Vine","Default","Replace","No change required",
"180","micah","schutz","MSchutz@erock.com","MSchutz@erock.com","Micah Schutz","Vine","Vine","Vine","Vine","Default","Replace","No change required",
"181","mohammad","ishaque","mishaque@erock.com","MIshaque@erock.com","Mohammad Ishaque","Vine","Vine","Vine","Vine","Default","Replace","No change required",
"182","Samuel","Stell","sstell@erock.com","SStell@erock.com","Samuel Stell","Titan/Vine","Vine","Titan/Vine","Titan/Vine","Default","Append","No change required",
"183","phoenix","martinez","pmartinez@erock.com","pmartinez@erock.com","Phoenix Martinez","Hyperion/Vine","Vine","Hyperion/Vine","Hyperion/Vine","Default","Append","No change required",
"184","octavio","de la garza","odelagarza@erock.com","odelagarza@erock.com","Octavio De La Garza","Vine","Vine","Vine","Vine","Default","Replace","No change required",
